instant,dateday,season,year,month,holiday,day_of_week,workingday,weather_situation,temp,atemp,humidity,casual,registered,count,humidity_category
1,2011-01-01,Spring,2011,Jan,0,Sat,0,Misty,0.344167,0.363625,8058.330000000001,331,654,985,Terlalu Lembab
2,2011-01-02,Spring,2011,Jan,0,Sun,0,Misty,0.363478,0.353739,6960.87,131,670,801,Terlalu Lembab
3,2011-01-03,Spring,2011,Jan,0,Mon,1,Clear,0.196364,0.189405,4372.73,120,1229,1349,Terlalu Lembab
4,2011-01-04,Spring,2011,Jan,0,Tue,1,Clear,0.2,0.212122,5904.35,108,1454,1562,Terlalu Lembab
5,2011-01-05,Spring,2011,Jan,0,Wed,1,Clear,0.226957,0.22927,4369.57,82,1518,1600,Terlalu Lembab
6,2011-01-06,Spring,2011,Jan,0,Thu,1,Clear,0.204348,0.233209,5182.61,88,1518,1606,Terlalu Lembab
7,2011-01-07,Spring,2011,Jan,0,Fri,1,Misty,0.196522,0.208839,4986.96,148,1362,1510,Terlalu Lembab
8,2011-01-08,Spring,2011,Jan,0,Sat,0,Misty,0.165,0.162254,5358.33,68,891,959,Terlalu Lembab
9,2011-01-09,Spring,2011,Jan,0,Sun,0,Clear,0.138333,0.116175,4341.670000000001,54,768,822,Terlalu Lembab
10,2011-01-10,Spring,2011,Jan,0,Mon,1,Clear,0.150833,0.150888,4829.17,41,1280,1321,Terlalu Lembab
11,2011-01-11,Spring,2011,Jan,0,Tue,1,Misty,0.169091,0.191464,6863.639999999999,43,1220,1263,Terlalu Lembab
12,2011-01-12,Spring,2011,Jan,0,Wed,1,Clear,0.172727,0.160473,5995.45,25,1137,1162,Terlalu Lembab
13,2011-01-13,Spring,2011,Jan,0,Thu,1,Clear,0.165,0.150883,4704.17,38,1368,1406,Terlalu Lembab
14,2011-01-14,Spring,2011,Jan,0,Fri,1,Clear,0.16087,0.188413,5378.26,54,1367,1421,Terlalu Lembab
15,2011-01-15,Spring,2011,Jan,0,Sat,0,Misty,0.233333,0.248112,4987.5,222,1026,1248,Terlalu Lembab
16,2011-01-16,Spring,2011,Jan,0,Sun,0,Clear,0.231667,0.234217,4837.5,251,953,1204,Terlalu Lembab
17,2011-01-17,Spring,2011,Jan,1,Mon,0,Misty,0.175833,0.176771,5375.0,117,883,1000,Terlalu Lembab
18,2011-01-18,Spring,2011,Jan,0,Tue,1,Misty,0.216667,0.232333,8616.669999999998,9,674,683,Terlalu Lembab
19,2011-01-19,Spring,2011,Jan,0,Wed,1,Misty,0.292174,0.298422,7417.39,78,1572,1650,Terlalu Lembab
20,2011-01-20,Spring,2011,Jan,0,Thu,1,Misty,0.261667,0.25505,5383.329999999999,83,1844,1927,Terlalu Lembab
21,2011-01-21,Spring,2011,Jan,0,Fri,1,Clear,0.1775,0.157833,4570.83,75,1468,1543,Terlalu Lembab
22,2011-01-22,Spring,2011,Jan,0,Sat,0,Clear,0.0591304,0.0790696,4000.0,93,888,981,Terlalu Lembab
23,2011-01-23,Spring,2011,Jan,0,Sun,0,Clear,0.0965217,0.0988391,4365.22,150,836,986,Terlalu Lembab
24,2011-01-24,Spring,2011,Jan,0,Mon,1,Clear,0.0973913,0.11793,4917.389999999999,86,1330,1416,Terlalu Lembab
25,2011-01-25,Spring,2011,Jan,0,Tue,1,Misty,0.223478,0.234526,6169.57,186,1799,1985,Terlalu Lembab
26,2011-01-26,Spring,2011,Jan,0,Wed,1,Light_rainsnow,0.2175,0.2036,8625.0,34,472,506,Terlalu Lembab
27,2011-01-27,Spring,2011,Jan,0,Thu,1,Clear,0.195,0.2197,6875.0,15,416,431,Terlalu Lembab
28,2011-01-28,Spring,2011,Jan,0,Fri,1,Misty,0.203478,0.223317,7930.430000000001,38,1129,1167,Terlalu Lembab
29,2011-01-29,Spring,2011,Jan,0,Sat,0,Clear,0.196522,0.212126,6517.3899999999985,123,975,1098,Terlalu Lembab
30,2011-01-30,Spring,2011,Jan,0,Sun,0,Clear,0.216522,0.250322,7221.74,140,956,1096,Terlalu Lembab
31,2011-01-31,Spring,2011,Jan,0,Mon,1,Misty,0.180833,0.18625,6037.5,42,1459,1501,Terlalu Lembab
32,2011-02-01,Spring,2011,Feb,0,Tue,1,Misty,0.192174,0.23453,8295.650000000001,47,1313,1360,Terlalu Lembab
33,2011-02-02,Spring,2011,Feb,0,Wed,1,Misty,0.26,0.254417,7754.170000000001,72,1454,1526,Terlalu Lembab
34,2011-02-03,Spring,2011,Feb,0,Thu,1,Clear,0.186957,0.177878,4378.26,61,1489,1550,Terlalu Lembab
35,2011-02-04,Spring,2011,Feb,0,Fri,1,Misty,0.211304,0.228587,5852.169999999999,88,1620,1708,Terlalu Lembab
36,2011-02-05,Spring,2011,Feb,0,Sat,0,Misty,0.233333,0.243058,9291.669999999998,100,905,1005,Terlalu Lembab
37,2011-02-06,Spring,2011,Feb,0,Sun,0,Clear,0.285833,0.291671,5683.329999999999,354,1269,1623,Terlalu Lembab
38,2011-02-07,Spring,2011,Feb,0,Mon,1,Clear,0.271667,0.303658,7383.330000000001,120,1592,1712,Terlalu Lembab
39,2011-02-08,Spring,2011,Feb,0,Tue,1,Clear,0.220833,0.198246,5379.17,64,1466,1530,Terlalu Lembab
40,2011-02-09,Spring,2011,Feb,0,Wed,1,Misty,0.134783,0.144283,4947.83,53,1552,1605,Terlalu Lembab
41,2011-02-10,Spring,2011,Feb,0,Thu,1,Clear,0.144348,0.149548,4373.91,47,1491,1538,Terlalu Lembab
42,2011-02-11,Spring,2011,Feb,0,Fri,1,Clear,0.189091,0.213509,5063.64,149,1597,1746,Terlalu Lembab
43,2011-02-12,Spring,2011,Feb,0,Sat,0,Clear,0.2225,0.232954,5441.67,288,1184,1472,Terlalu Lembab
44,2011-02-13,Spring,2011,Feb,0,Sun,0,Clear,0.316522,0.324113,4573.91,397,1192,1589,Terlalu Lembab
45,2011-02-14,Spring,2011,Feb,0,Mon,1,Clear,0.415,0.39835,3758.3299999999995,208,1705,1913,Terlalu Lembab
46,2011-02-15,Spring,2011,Feb,0,Tue,1,Clear,0.266087,0.254274,3143.4800000000005,140,1675,1815,Terlalu Lembab
47,2011-02-16,Spring,2011,Feb,0,Wed,1,Clear,0.318261,0.3162,4234.78,218,1897,2115,Terlalu Lembab
48,2011-02-17,Spring,2011,Feb,0,Thu,1,Clear,0.435833,0.428658,5050.0,259,2216,2475,Terlalu Lembab
49,2011-02-18,Spring,2011,Feb,0,Fri,1,Clear,0.521667,0.511983,5166.67,579,2348,2927,Terlalu Lembab
50,2011-02-19,Spring,2011,Feb,0,Sat,0,Clear,0.399167,0.391404,1879.1699999999998,532,1103,1635,Terlalu Lembab
51,2011-02-20,Spring,2011,Feb,0,Sun,0,Clear,0.285217,0.27733,4078.26,639,1173,1812,Terlalu Lembab
52,2011-02-21,Spring,2011,Feb,1,Mon,0,Misty,0.303333,0.284075,6050.0,195,912,1107,Terlalu Lembab
53,2011-02-22,Spring,2011,Feb,0,Tue,1,Clear,0.182222,0.186033,5777.78,74,1376,1450,Terlalu Lembab
54,2011-02-23,Spring,2011,Feb,0,Wed,1,Clear,0.221739,0.245717,4230.429999999999,139,1778,1917,Terlalu Lembab
55,2011-02-24,Spring,2011,Feb,0,Thu,1,Misty,0.295652,0.289191,6973.909999999999,100,1707,1807,Terlalu Lembab
56,2011-02-25,Spring,2011,Feb,0,Fri,1,Misty,0.364348,0.350461,7121.74,120,1341,1461,Terlalu Lembab
57,2011-02-26,Spring,2011,Feb,0,Sat,0,Clear,0.2825,0.282192,5379.17,424,1545,1969,Terlalu Lembab
58,2011-02-27,Spring,2011,Feb,0,Sun,0,Clear,0.343478,0.351109,6800.0,694,1708,2402,Terlalu Lembab
59,2011-02-28,Spring,2011,Feb,0,Mon,1,Misty,0.407273,0.400118,8763.640000000001,81,1365,1446,Terlalu Lembab
60,2011-03-01,Spring,2011,Mar,0,Tue,1,Clear,0.266667,0.263879,5350.0,137,1714,1851,Terlalu Lembab
61,2011-03-02,Spring,2011,Mar,0,Wed,1,Clear,0.335,0.320071,4495.83,231,1903,2134,Terlalu Lembab
62,2011-03-03,Spring,2011,Mar,0,Thu,1,Clear,0.198333,0.200133,3183.33,123,1562,1685,Terlalu Lembab
63,2011-03-04,Spring,2011,Mar,0,Fri,1,Misty,0.261667,0.255679,6104.17,214,1730,1944,Terlalu Lembab
64,2011-03-05,Spring,2011,Mar,0,Sat,0,Misty,0.384167,0.378779,7891.669999999999,640,1437,2077,Terlalu Lembab
65,2011-03-06,Spring,2011,Mar,0,Sun,0,Misty,0.376522,0.366252,9482.61,114,491,605,Terlalu Lembab
66,2011-03-07,Spring,2011,Mar,0,Mon,1,Clear,0.261739,0.238461,5513.04,244,1628,1872,Terlalu Lembab
67,2011-03-08,Spring,2011,Mar,0,Tue,1,Clear,0.2925,0.3024,4208.33,316,1817,2133,Terlalu Lembab
68,2011-03-09,Spring,2011,Mar,0,Wed,1,Misty,0.295833,0.286608,7754.170000000001,191,1700,1891,Terlalu Lembab
69,2011-03-10,Spring,2011,Mar,0,Thu,1,Light_rainsnow,0.389091,0.385668,0.0,46,577,623,Terlalu kering
70,2011-03-11,Spring,2011,Mar,0,Fri,1,Misty,0.316522,0.305,6495.649999999999,247,1730,1977,Terlalu Lembab
71,2011-03-12,Spring,2011,Mar,0,Sat,0,Clear,0.329167,0.32575,5945.829999999999,724,1408,2132,Terlalu Lembab
72,2011-03-13,Spring,2011,Mar,0,Sun,0,Clear,0.384348,0.380091,5273.910000000001,982,1435,2417,Terlalu Lembab
73,2011-03-14,Spring,2011,Mar,0,Mon,1,Clear,0.325217,0.332,4969.57,359,1687,2046,Terlalu Lembab
74,2011-03-15,Spring,2011,Mar,0,Tue,1,Misty,0.317391,0.318178,6556.52,289,1767,2056,Terlalu Lembab
75,2011-03-16,Spring,2011,Mar,0,Wed,1,Misty,0.365217,0.36693,7765.220000000001,321,1871,2192,Terlalu Lembab
76,2011-03-17,Spring,2011,Mar,0,Thu,1,Clear,0.415,0.410333,6029.170000000001,424,2320,2744,Terlalu Lembab
77,2011-03-18,Spring,2011,Mar,0,Fri,1,Clear,0.54,0.527009,5252.17,884,2355,3239,Terlalu Lembab
78,2011-03-19,Spring,2011,Mar,0,Sat,0,Clear,0.4725,0.466525,3791.67,1424,1693,3117,Terlalu Lembab
79,2011-03-20,Spring,2011,Mar,0,Sun,0,Clear,0.3325,0.32575,4737.5,1047,1424,2471,Terlalu Lembab
80,2011-03-21,Summer,2011,Mar,0,Mon,1,Misty,0.430435,0.409735,7373.910000000001,401,1676,2077,Terlalu Lembab
81,2011-03-22,Summer,2011,Mar,0,Tue,1,Clear,0.441667,0.440642,6245.83,460,2243,2703,Terlalu Lembab
82,2011-03-23,Summer,2011,Mar,0,Wed,1,Misty,0.346957,0.337939,8395.650000000001,203,1918,2121,Terlalu Lembab
83,2011-03-24,Summer,2011,Mar,0,Thu,1,Misty,0.285,0.270833,8058.330000000001,166,1699,1865,Terlalu Lembab
84,2011-03-25,Summer,2011,Mar,0,Fri,1,Clear,0.264167,0.256312,4950.0,300,1910,2210,Terlalu Lembab
85,2011-03-26,Summer,2011,Mar,0,Sat,0,Clear,0.265833,0.257571,3941.67,981,1515,2496,Terlalu Lembab
86,2011-03-27,Summer,2011,Mar,0,Sun,0,Misty,0.253043,0.250339,4939.13,472,1221,1693,Terlalu Lembab
87,2011-03-28,Summer,2011,Mar,0,Mon,1,Clear,0.264348,0.257574,3021.7400000000002,222,1806,2028,Terlalu Lembab
88,2011-03-29,Summer,2011,Mar,0,Tue,1,Clear,0.3025,0.292908,3141.67,317,2108,2425,Terlalu Lembab
89,2011-03-30,Summer,2011,Mar,0,Wed,1,Misty,0.3,0.29735,6466.670000000001,168,1368,1536,Terlalu Lembab
90,2011-03-31,Summer,2011,Mar,0,Thu,1,Light_rainsnow,0.268333,0.257575,9183.33,179,1506,1685,Terlalu Lembab
91,2011-04-01,Summer,2011,Apr,0,Fri,1,Misty,0.3,0.283454,6862.5,307,1920,2227,Terlalu Lembab
92,2011-04-02,Summer,2011,Apr,0,Sat,0,Misty,0.315,0.315637,6537.5,898,1354,2252,Terlalu Lembab
93,2011-04-03,Summer,2011,Apr,0,Sun,0,Clear,0.378333,0.378767,4800.0,1651,1598,3249,Terlalu Lembab
94,2011-04-04,Summer,2011,Apr,0,Mon,1,Clear,0.573333,0.542929,4262.5,734,2381,3115,Terlalu Lembab
95,2011-04-05,Summer,2011,Apr,0,Tue,1,Misty,0.414167,0.39835,6420.829999999999,167,1628,1795,Terlalu Lembab
96,2011-04-06,Summer,2011,Apr,0,Wed,1,Clear,0.390833,0.387608,4708.33,413,2395,2808,Terlalu Lembab
97,2011-04-07,Summer,2011,Apr,0,Thu,1,Clear,0.4375,0.433696,6029.170000000001,571,2570,3141,Terlalu Lembab
98,2011-04-08,Summer,2011,Apr,0,Fri,1,Misty,0.335833,0.324479,8362.5,172,1299,1471,Terlalu Lembab
99,2011-04-09,Summer,2011,Apr,0,Sat,0,Misty,0.3425,0.341529,8775.0,879,1576,2455,Terlalu Lembab
100,2011-04-10,Summer,2011,Apr,0,Sun,0,Misty,0.426667,0.426737,8575.0,1188,1707,2895,Terlalu Lembab
101,2011-04-11,Summer,2011,Apr,0,Mon,1,Misty,0.595652,0.565217,7169.5599999999995,855,2493,3348,Terlalu Lembab
102,2011-04-12,Summer,2011,Apr,0,Tue,1,Misty,0.5025,0.493054,7391.670000000001,257,1777,2034,Terlalu Lembab
103,2011-04-13,Summer,2011,Apr,0,Wed,1,Misty,0.4125,0.417283,8191.669999999999,209,1953,2162,Terlalu Lembab
104,2011-04-14,Summer,2011,Apr,0,Thu,1,Clear,0.4675,0.462742,5404.170000000001,529,2738,3267,Terlalu Lembab
105,2011-04-15,Summer,2011,Apr,1,Fri,0,Clear,0.446667,0.441913,6712.5,642,2484,3126,Terlalu Lembab
106,2011-04-16,Summer,2011,Apr,0,Sat,0,Light_rainsnow,0.430833,0.425492,8883.330000000002,121,674,795,Terlalu Lembab
107,2011-04-17,Summer,2011,Apr,0,Sun,0,Clear,0.456667,0.445696,4795.83,1558,2186,3744,Terlalu Lembab
108,2011-04-18,Summer,2011,Apr,0,Mon,1,Clear,0.5125,0.503146,5425.0,669,2760,3429,Terlalu Lembab
109,2011-04-19,Summer,2011,Apr,0,Tue,1,Misty,0.505833,0.489258,6658.329999999999,409,2795,3204,Terlalu Lembab
110,2011-04-20,Summer,2011,Apr,0,Wed,1,Clear,0.595,0.564392,6141.67,613,3331,3944,Terlalu Lembab
111,2011-04-21,Summer,2011,Apr,0,Thu,1,Clear,0.459167,0.453892,4070.8299999999995,745,3444,4189,Terlalu Lembab
112,2011-04-22,Summer,2011,Apr,0,Fri,1,Misty,0.336667,0.321954,7295.829999999999,177,1506,1683,Terlalu Lembab
113,2011-04-23,Summer,2011,Apr,0,Sat,0,Misty,0.46,0.450121,8879.169999999998,1462,2574,4036,Terlalu Lembab
114,2011-04-24,Summer,2011,Apr,0,Sun,0,Misty,0.581667,0.551763,8108.330000000001,1710,2481,4191,Terlalu Lembab
115,2011-04-25,Summer,2011,Apr,0,Mon,1,Clear,0.606667,0.5745,7766.670000000001,773,3300,4073,Terlalu Lembab
116,2011-04-26,Summer,2011,Apr,0,Tue,1,Clear,0.631667,0.594083,7291.670000000001,678,3722,4400,Terlalu Lembab
117,2011-04-27,Summer,2011,Apr,0,Wed,1,Misty,0.62,0.575142,8354.169999999998,547,3325,3872,Terlalu Lembab
118,2011-04-28,Summer,2011,Apr,0,Thu,1,Misty,0.6175,0.578929,7008.330000000001,569,3489,4058,Terlalu Lembab
119,2011-04-29,Summer,2011,Apr,0,Fri,1,Clear,0.51,0.497463,4570.83,878,3717,4595,Terlalu Lembab
120,2011-04-30,Summer,2011,Apr,0,Sat,0,Clear,0.4725,0.464021,5033.33,1965,3347,5312,Terlalu Lembab
121,2011-05-01,Summer,2011,May,0,Sun,0,Misty,0.451667,0.448204,7620.829999999999,1138,2213,3351,Terlalu Lembab
122,2011-05-02,Summer,2011,May,0,Mon,1,Misty,0.549167,0.532833,7300.0,847,3554,4401,Terlalu Lembab
123,2011-05-03,Summer,2011,May,0,Tue,1,Misty,0.616667,0.582079,6970.829999999999,603,3848,4451,Terlalu Lembab
124,2011-05-04,Summer,2011,May,0,Wed,1,Misty,0.414167,0.40465,7370.830000000001,255,2378,2633,Terlalu Lembab
125,2011-05-05,Summer,2011,May,0,Thu,1,Clear,0.459167,0.441917,4441.67,614,3819,4433,Terlalu Lembab
126,2011-05-06,Summer,2011,May,0,Fri,1,Clear,0.479167,0.474117,5900.0,894,3714,4608,Terlalu Lembab
127,2011-05-07,Summer,2011,May,0,Sat,0,Clear,0.52,0.512621,5412.5,1612,3102,4714,Terlalu Lembab
128,2011-05-08,Summer,2011,May,0,Sun,0,Clear,0.528333,0.518933,6316.67,1401,2932,4333,Terlalu Lembab
129,2011-05-09,Summer,2011,May,0,Mon,1,Clear,0.5325,0.525246,5887.5,664,3698,4362,Terlalu Lembab
130,2011-05-10,Summer,2011,May,0,Tue,1,Clear,0.5325,0.522721,4891.67,694,4109,4803,Terlalu Lembab
131,2011-05-11,Summer,2011,May,0,Wed,1,Clear,0.5425,0.5284,6329.169999999999,550,3632,4182,Terlalu Lembab
132,2011-05-12,Summer,2011,May,0,Thu,1,Clear,0.535,0.523363,7475.0,695,4169,4864,Terlalu Lembab
133,2011-05-13,Summer,2011,May,0,Fri,1,Misty,0.5125,0.4943,8633.330000000002,692,3413,4105,Terlalu Lembab
134,2011-05-14,Summer,2011,May,0,Sat,0,Misty,0.520833,0.500629,9225.0,902,2507,3409,Terlalu Lembab
135,2011-05-15,Summer,2011,May,0,Sun,0,Misty,0.5625,0.536,8670.830000000002,1582,2971,4553,Terlalu Lembab
136,2011-05-16,Summer,2011,May,0,Mon,1,Clear,0.5775,0.550512,7879.169999999999,773,3185,3958,Terlalu Lembab
137,2011-05-17,Summer,2011,May,0,Tue,1,Misty,0.561667,0.538529,8379.17,678,3445,4123,Terlalu Lembab
138,2011-05-18,Summer,2011,May,0,Wed,1,Misty,0.55,0.527158,8700.0,536,3319,3855,Terlalu Lembab
139,2011-05-19,Summer,2011,May,0,Thu,1,Misty,0.530833,0.510742,8295.83,735,3840,4575,Terlalu Lembab
140,2011-05-20,Summer,2011,May,0,Fri,1,Clear,0.536667,0.529042,7195.829999999999,909,4008,4917,Terlalu Lembab
141,2011-05-21,Summer,2011,May,0,Sat,0,Clear,0.6025,0.571975,6266.67,2258,3547,5805,Terlalu Lembab
142,2011-05-22,Summer,2011,May,0,Sun,0,Clear,0.604167,0.5745,7495.829999999999,1576,3084,4660,Terlalu Lembab
143,2011-05-23,Summer,2011,May,0,Mon,1,Misty,0.631667,0.590296,8100.0,836,3438,4274,Terlalu Lembab
144,2011-05-24,Summer,2011,May,0,Tue,1,Misty,0.66,0.604813,7408.329999999999,659,3833,4492,Terlalu Lembab
145,2011-05-25,Summer,2011,May,0,Wed,1,Clear,0.660833,0.615542,6962.5,740,4238,4978,Terlalu Lembab
146,2011-05-26,Summer,2011,May,0,Thu,1,Clear,0.708333,0.654688,6775.0,758,3919,4677,Terlalu Lembab
147,2011-05-27,Summer,2011,May,0,Fri,1,Clear,0.681667,0.637008,6537.5,871,3808,4679,Terlalu Lembab
148,2011-05-28,Summer,2011,May,0,Sat,0,Clear,0.655833,0.612379,7295.829999999999,2001,2757,4758,Terlalu Lembab
149,2011-05-29,Summer,2011,May,0,Sun,0,Clear,0.6675,0.61555,8187.5,2355,2433,4788,Terlalu Lembab
150,2011-05-30,Summer,2011,May,1,Mon,0,Clear,0.733333,0.671092,6850.0,1549,2549,4098,Terlalu Lembab
151,2011-05-31,Summer,2011,May,0,Tue,1,Clear,0.775,0.725383,6366.67,673,3309,3982,Terlalu Lembab
152,2011-06-01,Summer,2011,Jun,0,Wed,1,Misty,0.764167,0.720967,6770.829999999999,513,3461,3974,Terlalu Lembab
153,2011-06-02,Summer,2011,Jun,0,Thu,1,Clear,0.715,0.643942,3050.0,736,4232,4968,Terlalu Lembab
154,2011-06-03,Summer,2011,Jun,0,Fri,1,Clear,0.62,0.587133,3541.67,898,4414,5312,Terlalu Lembab
155,2011-06-04,Summer,2011,Jun,0,Sat,0,Clear,0.635,0.594696,4562.5,1869,3473,5342,Terlalu Lembab
156,2011-06-05,Summer,2011,Jun,0,Sun,0,Misty,0.648333,0.616804,6525.0,1685,3221,4906,Terlalu Lembab
157,2011-06-06,Summer,2011,Jun,0,Mon,1,Clear,0.678333,0.621858,6000.0,673,3875,4548,Terlalu Lembab
158,2011-06-07,Summer,2011,Jun,0,Tue,1,Clear,0.7075,0.65595,5979.170000000001,763,4070,4833,Terlalu Lembab
159,2011-06-08,Summer,2011,Jun,0,Wed,1,Clear,0.775833,0.727279,6220.830000000001,676,3725,4401,Terlalu Lembab
160,2011-06-09,Summer,2011,Jun,0,Thu,1,Misty,0.808333,0.757579,5683.329999999999,563,3352,3915,Terlalu Lembab
161,2011-06-10,Summer,2011,Jun,0,Fri,1,Clear,0.755,0.703292,6050.0,815,3771,4586,Terlalu Lembab
162,2011-06-11,Summer,2011,Jun,0,Sat,0,Clear,0.725,0.678038,6545.830000000001,1729,3237,4966,Terlalu Lembab
163,2011-06-12,Summer,2011,Jun,0,Sun,0,Clear,0.6925,0.643325,7479.170000000001,1467,2993,4460,Terlalu Lembab
164,2011-06-13,Summer,2011,Jun,0,Mon,1,Clear,0.635,0.601654,4945.83,863,4157,5020,Terlalu Lembab
165,2011-06-14,Summer,2011,Jun,0,Tue,1,Clear,0.604167,0.591546,5070.829999999999,727,4164,4891,Terlalu Lembab
166,2011-06-15,Summer,2011,Jun,0,Wed,1,Clear,0.626667,0.587754,4716.67,769,4411,5180,Terlalu Lembab
167,2011-06-16,Summer,2011,Jun,0,Thu,1,Misty,0.628333,0.595346,6883.329999999999,545,3222,3767,Terlalu Lembab
168,2011-06-17,Summer,2011,Jun,0,Fri,1,Clear,0.649167,0.600383,7358.329999999999,863,3981,4844,Terlalu Lembab
169,2011-06-18,Summer,2011,Jun,0,Sat,0,Clear,0.696667,0.643954,6704.170000000001,1807,3312,5119,Terlalu Lembab
170,2011-06-19,Summer,2011,Jun,0,Sun,0,Misty,0.699167,0.645846,6666.670000000001,1639,3105,4744,Terlalu Lembab
171,2011-06-20,Summer,2011,Jun,0,Mon,1,Misty,0.635,0.595346,7462.5,699,3311,4010,Terlalu Lembab
172,2011-06-21,Fall,2011,Jun,0,Tue,1,Misty,0.680833,0.637646,7704.170000000001,774,4061,4835,Terlalu Lembab
173,2011-06-22,Fall,2011,Jun,0,Wed,1,Clear,0.733333,0.693829,7075.0,661,3846,4507,Terlalu Lembab
174,2011-06-23,Fall,2011,Jun,0,Thu,1,Misty,0.728333,0.693833,7033.329999999999,746,4044,4790,Terlalu Lembab
175,2011-06-24,Fall,2011,Jun,0,Fri,1,Clear,0.724167,0.656583,5733.33,969,4022,4991,Terlalu Lembab
176,2011-06-25,Fall,2011,Jun,0,Sat,0,Clear,0.695,0.643313,4833.33,1782,3420,5202,Terlalu Lembab
177,2011-06-26,Fall,2011,Jun,0,Sun,0,Clear,0.68,0.637629,5133.33,1920,3385,5305,Terlalu Lembab
178,2011-06-27,Fall,2011,Jun,0,Mon,1,Misty,0.6825,0.637004,6583.329999999999,854,3854,4708,Terlalu Lembab
179,2011-06-28,Fall,2011,Jun,0,Tue,1,Clear,0.744167,0.692558,6341.670000000001,732,3916,4648,Terlalu Lembab
180,2011-06-29,Fall,2011,Jun,0,Wed,1,Clear,0.728333,0.654688,4979.17,848,4377,5225,Terlalu Lembab
181,2011-06-30,Fall,2011,Jun,0,Thu,1,Clear,0.696667,0.637008,4341.670000000001,1027,4488,5515,Terlalu Lembab
182,2011-07-01,Fall,2011,Jul,0,Fri,1,Clear,0.7225,0.652162,3962.5,1246,4116,5362,Terlalu Lembab
183,2011-07-02,Fall,2011,Jul,0,Sat,0,Clear,0.738333,0.667308,4445.83,2204,2915,5119,Terlalu Lembab
184,2011-07-03,Fall,2011,Jul,0,Sun,0,Misty,0.716667,0.668575,6825.0,2282,2367,4649,Terlalu Lembab
185,2011-07-04,Fall,2011,Jul,1,Mon,0,Misty,0.726667,0.665417,6379.17,3065,2978,6043,Terlalu Lembab
186,2011-07-05,Fall,2011,Jul,0,Tue,1,Clear,0.746667,0.696338,5904.17,1031,3634,4665,Terlalu Lembab
187,2011-07-06,Fall,2011,Jul,0,Wed,1,Clear,0.72,0.685633,7433.330000000001,784,3845,4629,Terlalu Lembab
188,2011-07-07,Fall,2011,Jul,0,Thu,1,Clear,0.75,0.686871,6512.5,754,3838,4592,Terlalu Lembab
189,2011-07-08,Fall,2011,Jul,0,Fri,1,Misty,0.709167,0.670483,7579.169999999999,692,3348,4040,Terlalu Lembab
190,2011-07-09,Fall,2011,Jul,0,Sat,0,Clear,0.733333,0.664158,6091.67,1988,3348,5336,Terlalu Lembab
191,2011-07-10,Fall,2011,Jul,0,Sun,0,Clear,0.7475,0.690025,5783.33,1743,3138,4881,Terlalu Lembab
192,2011-07-11,Fall,2011,Jul,0,Mon,1,Clear,0.7625,0.729804,6358.33,723,3363,4086,Terlalu Lembab
193,2011-07-12,Fall,2011,Jul,0,Tue,1,Clear,0.794167,0.739275,5591.67,662,3596,4258,Terlalu Lembab
194,2011-07-13,Fall,2011,Jul,0,Wed,1,Clear,0.746667,0.689404,6316.67,748,3594,4342,Terlalu Lembab
195,2011-07-14,Fall,2011,Jul,0,Thu,1,Clear,0.680833,0.635104,4762.5,888,4196,5084,Terlalu Lembab
196,2011-07-15,Fall,2011,Jul,0,Fri,1,Clear,0.663333,0.624371,5912.500000000001,1318,4220,5538,Terlalu Lembab
197,2011-07-16,Fall,2011,Jul,0,Sat,0,Clear,0.686667,0.638263,5850.0,2418,3505,5923,Terlalu Lembab
198,2011-07-17,Fall,2011,Jul,0,Sun,0,Clear,0.719167,0.669833,6041.67,2006,3296,5302,Terlalu Lembab
199,2011-07-18,Fall,2011,Jul,0,Mon,1,Clear,0.746667,0.703925,6512.5,841,3617,4458,Terlalu Lembab
200,2011-07-19,Fall,2011,Jul,0,Tue,1,Clear,0.776667,0.747479,6504.170000000001,752,3789,4541,Terlalu Lembab
201,2011-07-20,Fall,2011,Jul,0,Wed,1,Clear,0.768333,0.74685,7070.830000000001,644,3688,4332,Terlalu Lembab
202,2011-07-21,Fall,2011,Jul,0,Thu,1,Misty,0.815,0.826371,6912.5,632,3152,3784,Terlalu Lembab
203,2011-07-22,Fall,2011,Jul,0,Fri,1,Clear,0.848333,0.840896,5804.17,562,2825,3387,Terlalu Lembab
204,2011-07-23,Fall,2011,Jul,0,Sat,0,Clear,0.849167,0.804287,5000.0,987,2298,3285,Terlalu Lembab
205,2011-07-24,Fall,2011,Jul,0,Sun,0,Clear,0.83,0.794829,5508.33,1050,2556,3606,Terlalu Lembab
206,2011-07-25,Fall,2011,Jul,0,Mon,1,Clear,0.743333,0.720958,7570.829999999999,568,3272,3840,Terlalu Lembab
207,2011-07-26,Fall,2011,Jul,0,Tue,1,Clear,0.771667,0.696979,5408.33,750,3840,4590,Terlalu Lembab
208,2011-07-27,Fall,2011,Jul,0,Wed,1,Clear,0.775,0.690667,4029.1700000000005,755,3901,4656,Terlalu Lembab
209,2011-07-28,Fall,2011,Jul,0,Thu,1,Clear,0.779167,0.7399,5833.33,606,3784,4390,Terlalu Lembab
210,2011-07-29,Fall,2011,Jul,0,Fri,1,Clear,0.838333,0.785967,5425.0,670,3176,3846,Terlalu Lembab
211,2011-07-30,Fall,2011,Jul,0,Sat,0,Clear,0.804167,0.728537,4658.33,1559,2916,4475,Terlalu Lembab
212,2011-07-31,Fall,2011,Jul,0,Sun,0,Clear,0.805833,0.729796,4808.33,1524,2778,4302,Terlalu Lembab
213,2011-08-01,Fall,2011,Aug,0,Mon,1,Clear,0.771667,0.703292,5508.33,729,3537,4266,Terlalu Lembab
214,2011-08-02,Fall,2011,Aug,0,Tue,1,Clear,0.783333,0.707071,4912.5,801,4044,4845,Terlalu Lembab
215,2011-08-03,Fall,2011,Aug,0,Wed,1,Misty,0.731667,0.679937,6575.0,467,3107,3574,Terlalu Lembab
216,2011-08-04,Fall,2011,Aug,0,Thu,1,Misty,0.71,0.664788,7575.0,799,3777,4576,Terlalu Lembab
217,2011-08-05,Fall,2011,Aug,0,Fri,1,Clear,0.710833,0.656567,6308.329999999999,1023,3843,4866,Terlalu Lembab
218,2011-08-06,Fall,2011,Aug,0,Sat,0,Misty,0.716667,0.676154,7550.0,1521,2773,4294,Terlalu Lembab
219,2011-08-07,Fall,2011,Aug,0,Sun,0,Clear,0.7425,0.715292,7529.169999999999,1298,2487,3785,Terlalu Lembab
220,2011-08-08,Fall,2011,Aug,0,Mon,1,Clear,0.765,0.703283,5920.83,846,3480,4326,Terlalu Lembab
221,2011-08-09,Fall,2011,Aug,0,Tue,1,Clear,0.775,0.724121,5704.169999999999,907,3695,4602,Terlalu Lembab
222,2011-08-10,Fall,2011,Aug,0,Wed,1,Clear,0.766667,0.684983,4241.67,884,3896,4780,Terlalu Lembab
223,2011-08-11,Fall,2011,Aug,0,Thu,1,Clear,0.7175,0.651521,4237.5,812,3980,4792,Terlalu Lembab
224,2011-08-12,Fall,2011,Aug,0,Fri,1,Clear,0.708333,0.654042,4150.0,1051,3854,4905,Terlalu Lembab
225,2011-08-13,Fall,2011,Aug,0,Sat,0,Misty,0.685833,0.645858,7295.829999999999,1504,2646,4150,Terlalu Lembab
226,2011-08-14,Fall,2011,Aug,0,Sun,0,Misty,0.676667,0.624388,8175.0,1338,2482,3820,Terlalu Lembab
227,2011-08-15,Fall,2011,Aug,0,Mon,1,Clear,0.665833,0.616167,7120.830000000001,775,3563,4338,Terlalu Lembab
228,2011-08-16,Fall,2011,Aug,0,Tue,1,Clear,0.700833,0.645837,5783.33,721,4004,4725,Terlalu Lembab
229,2011-08-17,Fall,2011,Aug,0,Wed,1,Clear,0.723333,0.666671,5754.17,668,4026,4694,Terlalu Lembab
230,2011-08-18,Fall,2011,Aug,0,Thu,1,Clear,0.711667,0.662258,6545.830000000001,639,3166,3805,Terlalu Lembab
231,2011-08-19,Fall,2011,Aug,0,Fri,1,Misty,0.685,0.633221,7229.170000000001,797,3356,4153,Terlalu Lembab
232,2011-08-20,Fall,2011,Aug,0,Sat,0,Clear,0.6975,0.648996,6741.669999999999,1914,3277,5191,Terlalu Lembab
233,2011-08-21,Fall,2011,Aug,0,Sun,0,Clear,0.710833,0.675525,7700.0,1249,2624,3873,Terlalu Lembab
234,2011-08-22,Fall,2011,Aug,0,Mon,1,Clear,0.691667,0.638254,4700.0,833,3925,4758,Terlalu Lembab
235,2011-08-23,Fall,2011,Aug,0,Tue,1,Clear,0.640833,0.606067,4554.17,1281,4614,5895,Terlalu Lembab
236,2011-08-24,Fall,2011,Aug,0,Wed,1,Clear,0.673333,0.630692,6050.0,949,4181,5130,Terlalu Lembab
237,2011-08-25,Fall,2011,Aug,0,Thu,1,Misty,0.684167,0.645854,7716.670000000001,435,3107,3542,Terlalu Lembab
238,2011-08-26,Fall,2011,Aug,0,Fri,1,Clear,0.7,0.659733,7612.5,768,3893,4661,Terlalu Lembab
239,2011-08-27,Fall,2011,Aug,0,Sat,0,Misty,0.68,0.635556,8500.0,226,889,1115,Terlalu Lembab
240,2011-08-28,Fall,2011,Aug,0,Sun,0,Clear,0.707059,0.647959,5617.65,1415,2919,4334,Terlalu Lembab
241,2011-08-29,Fall,2011,Aug,0,Mon,1,Clear,0.636667,0.607958,5545.830000000001,729,3905,4634,Terlalu Lembab
242,2011-08-30,Fall,2011,Aug,0,Tue,1,Clear,0.639167,0.594704,5483.329999999999,775,4429,5204,Terlalu Lembab
243,2011-08-31,Fall,2011,Aug,0,Wed,1,Clear,0.656667,0.611121,5979.170000000001,688,4370,5058,Terlalu Lembab
244,2011-09-01,Fall,2011,Sep,0,Thu,1,Clear,0.655,0.614921,6391.670000000001,783,4332,5115,Terlalu Lembab
245,2011-09-02,Fall,2011,Sep,0,Fri,1,Misty,0.643333,0.604808,7270.830000000001,875,3852,4727,Terlalu Lembab
246,2011-09-03,Fall,2011,Sep,0,Sat,0,Clear,0.669167,0.633213,7166.670000000001,1935,2549,4484,Terlalu Lembab
247,2011-09-04,Fall,2011,Sep,0,Sun,0,Clear,0.709167,0.665429,7420.830000000001,2521,2419,4940,Terlalu Lembab
248,2011-09-05,Fall,2011,Sep,1,Mon,0,Misty,0.673333,0.625646,7904.170000000001,1236,2115,3351,Terlalu Lembab
249,2011-09-06,Fall,2011,Sep,0,Tue,1,Light_rainsnow,0.54,0.5152,8869.57,204,2506,2710,Terlalu Lembab
250,2011-09-07,Fall,2011,Sep,0,Wed,1,Light_rainsnow,0.599167,0.544229,9170.83,118,1878,1996,Terlalu Lembab
251,2011-09-08,Fall,2011,Sep,0,Thu,1,Light_rainsnow,0.633913,0.555361,9395.650000000001,153,1689,1842,Terlalu Lembab
252,2011-09-09,Fall,2011,Sep,0,Fri,1,Misty,0.65,0.578946,8979.169999999998,417,3127,3544,Terlalu Lembab
253,2011-09-10,Fall,2011,Sep,0,Sat,0,Clear,0.66,0.607962,7537.5,1750,3595,5345,Terlalu Lembab
254,2011-09-11,Fall,2011,Sep,0,Sun,0,Clear,0.653333,0.609229,7137.5,1633,3413,5046,Terlalu Lembab
255,2011-09-12,Fall,2011,Sep,0,Mon,1,Clear,0.644348,0.60213,6921.74,690,4023,4713,Terlalu Lembab
256,2011-09-13,Fall,2011,Sep,0,Tue,1,Clear,0.650833,0.603554,7125.0,701,4062,4763,Terlalu Lembab
257,2011-09-14,Fall,2011,Sep,0,Wed,1,Clear,0.673333,0.6269,6970.829999999999,647,4138,4785,Terlalu Lembab
258,2011-09-15,Fall,2011,Sep,0,Thu,1,Misty,0.5775,0.553671,7091.670000000001,428,3231,3659,Terlalu Lembab
259,2011-09-16,Fall,2011,Sep,0,Fri,1,Misty,0.469167,0.461475,5904.17,742,4018,4760,Terlalu Lembab
260,2011-09-17,Fall,2011,Sep,0,Sat,0,Misty,0.491667,0.478512,7183.329999999999,1434,3077,4511,Terlalu Lembab
261,2011-09-18,Fall,2011,Sep,0,Sun,0,Clear,0.5075,0.490537,6950.0,1353,2921,4274,Terlalu Lembab
262,2011-09-19,Fall,2011,Sep,0,Mon,1,Misty,0.549167,0.529675,6900.0,691,3848,4539,Terlalu Lembab
263,2011-09-20,Fall,2011,Sep,0,Tue,1,Misty,0.561667,0.532217,8812.5,438,3203,3641,Terlalu Lembab
264,2011-09-21,Fall,2011,Sep,0,Wed,1,Misty,0.595,0.550533,9000.0,539,3813,4352,Terlalu Lembab
265,2011-09-22,Fall,2011,Sep,0,Thu,1,Misty,0.628333,0.554963,9020.83,555,4240,4795,Terlalu Lembab
266,2011-09-23,Winter,2011,Sep,0,Fri,1,Misty,0.609167,0.522125,9725.0,258,2137,2395,Terlalu Lembab
267,2011-09-24,Winter,2011,Sep,0,Sat,0,Misty,0.606667,0.564412,8625.0,1776,3647,5423,Terlalu Lembab
268,2011-09-25,Winter,2011,Sep,0,Sun,0,Misty,0.634167,0.572637,8450.0,1544,3466,5010,Terlalu Lembab
269,2011-09-26,Winter,2011,Sep,0,Mon,1,Misty,0.649167,0.589042,8483.33,684,3946,4630,Terlalu Lembab
270,2011-09-27,Winter,2011,Sep,0,Tue,1,Misty,0.636667,0.574525,8854.17,477,3643,4120,Terlalu Lembab
271,2011-09-28,Winter,2011,Sep,0,Wed,1,Misty,0.635,0.575158,8487.5,480,3427,3907,Terlalu Lembab
272,2011-09-29,Winter,2011,Sep,0,Thu,1,Clear,0.616667,0.574512,6991.669999999999,653,4186,4839,Terlalu Lembab
273,2011-09-30,Winter,2011,Sep,0,Fri,1,Clear,0.564167,0.544829,6475.0,830,4372,5202,Terlalu Lembab
274,2011-10-01,Winter,2011,Oct,0,Sat,0,Misty,0.41,0.412863,7537.5,480,1949,2429,Terlalu Lembab
275,2011-10-02,Winter,2011,Oct,0,Sun,0,Misty,0.356667,0.345317,7916.670000000001,616,2302,2918,Terlalu Lembab
276,2011-10-03,Winter,2011,Oct,0,Mon,1,Misty,0.384167,0.392046,7608.329999999999,330,3240,3570,Terlalu Lembab
277,2011-10-04,Winter,2011,Oct,0,Tue,1,Clear,0.484167,0.472858,7100.0,486,3970,4456,Terlalu Lembab
278,2011-10-05,Winter,2011,Oct,0,Wed,1,Clear,0.538333,0.527138,6479.169999999999,559,4267,4826,Terlalu Lembab
279,2011-10-06,Winter,2011,Oct,0,Thu,1,Clear,0.494167,0.480425,6208.329999999999,639,4126,4765,Terlalu Lembab
280,2011-10-07,Winter,2011,Oct,0,Fri,1,Clear,0.510833,0.504404,6841.669999999999,949,4036,4985,Terlalu Lembab
281,2011-10-08,Winter,2011,Oct,0,Sat,0,Clear,0.521667,0.513242,7012.5,2235,3174,5409,Terlalu Lembab
282,2011-10-09,Winter,2011,Oct,0,Sun,0,Clear,0.540833,0.523983,7275.0,2397,3114,5511,Terlalu Lembab
283,2011-10-10,Winter,2011,Oct,1,Mon,0,Clear,0.570833,0.542925,7337.5,1514,3603,5117,Terlalu Lembab
284,2011-10-11,Winter,2011,Oct,0,Tue,1,Misty,0.566667,0.546096,8087.5,667,3896,4563,Terlalu Lembab
285,2011-10-12,Winter,2011,Oct,0,Wed,1,Light_rainsnow,0.543333,0.517717,9062.5,217,2199,2416,Terlalu Lembab
286,2011-10-13,Winter,2011,Oct,0,Thu,1,Misty,0.589167,0.551804,8966.67,290,2623,2913,Terlalu Lembab
287,2011-10-14,Winter,2011,Oct,0,Fri,1,Misty,0.550833,0.529675,7162.5,529,3115,3644,Terlalu Lembab
288,2011-10-15,Winter,2011,Oct,0,Sat,0,Clear,0.506667,0.498725,4833.33,1899,3318,5217,Terlalu Lembab
289,2011-10-16,Winter,2011,Oct,0,Sun,0,Clear,0.511667,0.503154,4866.67,1748,3293,5041,Terlalu Lembab
290,2011-10-17,Winter,2011,Oct,0,Mon,1,Clear,0.534167,0.510725,5795.829999999999,713,3857,4570,Terlalu Lembab
291,2011-10-18,Winter,2011,Oct,0,Tue,1,Misty,0.5325,0.522721,7016.670000000001,637,4111,4748,Terlalu Lembab
292,2011-10-19,Winter,2011,Oct,0,Wed,1,Light_rainsnow,0.541739,0.513848,8952.170000000002,254,2170,2424,Terlalu Lembab
293,2011-10-20,Winter,2011,Oct,0,Thu,1,Clear,0.475833,0.466525,6362.5,471,3724,4195,Terlalu Lembab
294,2011-10-21,Winter,2011,Oct,0,Fri,1,Clear,0.4275,0.423596,5741.67,676,3628,4304,Terlalu Lembab
295,2011-10-22,Winter,2011,Oct,0,Sat,0,Clear,0.4225,0.425492,6291.670000000001,1499,2809,4308,Terlalu Lembab
296,2011-10-23,Winter,2011,Oct,0,Sun,0,Clear,0.421667,0.422333,7412.5,1619,2762,4381,Terlalu Lembab
297,2011-10-24,Winter,2011,Oct,0,Mon,1,Clear,0.463333,0.457067,7720.829999999999,699,3488,4187,Terlalu Lembab
298,2011-10-25,Winter,2011,Oct,0,Tue,1,Clear,0.471667,0.463375,6229.170000000001,695,3992,4687,Terlalu Lembab
299,2011-10-26,Winter,2011,Oct,0,Wed,1,Misty,0.484167,0.472846,7204.169999999999,404,3490,3894,Terlalu Lembab
300,2011-10-27,Winter,2011,Oct,0,Thu,1,Misty,0.47,0.457046,8129.170000000001,240,2419,2659,Terlalu Lembab
301,2011-10-28,Winter,2011,Oct,0,Fri,1,Misty,0.330833,0.318812,5858.330000000001,456,3291,3747,Terlalu Lembab
302,2011-10-29,Winter,2011,Oct,0,Sat,0,Light_rainsnow,0.254167,0.227913,8825.0,57,570,627,Terlalu Lembab
303,2011-10-30,Winter,2011,Oct,0,Sun,0,Clear,0.319167,0.321329,6237.5,885,2446,3331,Terlalu Lembab
304,2011-10-31,Winter,2011,Oct,0,Mon,1,Clear,0.34,0.356063,7033.329999999999,362,3307,3669,Terlalu Lembab
305,2011-11-01,Winter,2011,Nov,0,Tue,1,Clear,0.400833,0.397088,6837.5,410,3658,4068,Terlalu Lembab
306,2011-11-02,Winter,2011,Nov,0,Wed,1,Clear,0.3775,0.390133,7187.5,370,3816,4186,Terlalu Lembab
307,2011-11-03,Winter,2011,Nov,0,Thu,1,Clear,0.408333,0.405921,7020.830000000001,318,3656,3974,Terlalu Lembab
308,2011-11-04,Winter,2011,Nov,0,Fri,1,Misty,0.403333,0.403392,6225.000000000001,470,3576,4046,Terlalu Lembab
309,2011-11-05,Winter,2011,Nov,0,Sat,0,Clear,0.326667,0.323854,5191.670000000001,1156,2770,3926,Terlalu Lembab
310,2011-11-06,Winter,2011,Nov,0,Sun,0,Clear,0.348333,0.362358,7345.829999999999,952,2697,3649,Terlalu Lembab
311,2011-11-07,Winter,2011,Nov,0,Mon,1,Clear,0.395,0.400871,7587.5,373,3662,4035,Terlalu Lembab
312,2011-11-08,Winter,2011,Nov,0,Tue,1,Clear,0.408333,0.412246,7216.669999999999,376,3829,4205,Terlalu Lembab
313,2011-11-09,Winter,2011,Nov,0,Wed,1,Clear,0.4,0.409079,7583.330000000001,305,3804,4109,Terlalu Lembab
314,2011-11-10,Winter,2011,Nov,0,Thu,1,Misty,0.38,0.373721,8133.329999999999,190,2743,2933,Terlalu Lembab
315,2011-11-11,Winter,2011,Nov,1,Fri,0,Clear,0.324167,0.306817,4462.5,440,2928,3368,Terlalu Lembab
316,2011-11-12,Winter,2011,Nov,0,Sat,0,Clear,0.356667,0.357942,5529.17,1275,2792,4067,Terlalu Lembab
317,2011-11-13,Winter,2011,Nov,0,Sun,0,Clear,0.440833,0.43055,4583.33,1004,2713,3717,Terlalu Lembab
318,2011-11-14,Winter,2011,Nov,0,Mon,1,Clear,0.53,0.524612,5870.83,595,3891,4486,Terlalu Lembab
319,2011-11-15,Winter,2011,Nov,0,Tue,1,Misty,0.53,0.507579,6887.5,449,3746,4195,Terlalu Lembab
320,2011-11-16,Winter,2011,Nov,0,Wed,1,Light_rainsnow,0.456667,0.451988,9300.0,145,1672,1817,Terlalu Lembab
321,2011-11-17,Winter,2011,Nov,0,Thu,1,Misty,0.341667,0.323221,5758.33,139,2914,3053,Terlalu Lembab
322,2011-11-18,Winter,2011,Nov,0,Fri,1,Clear,0.274167,0.272721,4100.0,245,3147,3392,Terlalu Lembab
323,2011-11-19,Winter,2011,Nov,0,Sat,0,Clear,0.329167,0.324483,5020.829999999999,943,2720,3663,Terlalu Lembab
324,2011-11-20,Winter,2011,Nov,0,Sun,0,Misty,0.463333,0.457058,6845.830000000001,787,2733,3520,Terlalu Lembab
325,2011-11-21,Winter,2011,Nov,0,Mon,1,Light_rainsnow,0.4475,0.445062,9100.0,220,2545,2765,Terlalu Lembab
326,2011-11-22,Winter,2011,Nov,0,Tue,1,Light_rainsnow,0.416667,0.421696,9625.0,69,1538,1607,Terlalu Lembab
327,2011-11-23,Winter,2011,Nov,0,Wed,1,Misty,0.440833,0.430537,7579.169999999999,112,2454,2566,Terlalu Lembab
328,2011-11-24,Winter,2011,Nov,1,Thu,0,Clear,0.373333,0.372471,5491.67,560,935,1495,Terlalu Lembab
329,2011-11-25,Winter,2011,Nov,0,Fri,1,Clear,0.375,0.380671,6437.5,1095,1697,2792,Terlalu Lembab
330,2011-11-26,Winter,2011,Nov,0,Sat,0,Clear,0.375833,0.385087,6816.670000000001,1249,1819,3068,Terlalu Lembab
331,2011-11-27,Winter,2011,Nov,0,Sun,0,Clear,0.459167,0.4558,6983.329999999999,810,2261,3071,Terlalu Lembab
332,2011-11-28,Winter,2011,Nov,0,Mon,1,Clear,0.503478,0.490122,7430.429999999999,253,3614,3867,Terlalu Lembab
333,2011-11-29,Winter,2011,Nov,0,Tue,1,Misty,0.458333,0.451375,8308.330000000002,96,2818,2914,Terlalu Lembab
334,2011-11-30,Winter,2011,Nov,0,Wed,1,Clear,0.325,0.311221,6133.33,188,3425,3613,Terlalu Lembab
335,2011-12-01,Winter,2011,Dec,0,Thu,1,Clear,0.3125,0.305554,5245.83,182,3545,3727,Terlalu Lembab
336,2011-12-02,Winter,2011,Dec,0,Fri,1,Clear,0.314167,0.331433,6258.329999999999,268,3672,3940,Terlalu Lembab
337,2011-12-03,Winter,2011,Dec,0,Sat,0,Clear,0.299167,0.310604,6129.170000000001,706,2908,3614,Terlalu Lembab
338,2011-12-04,Winter,2011,Dec,0,Sun,0,Clear,0.330833,0.3491,7758.329999999999,634,2851,3485,Terlalu Lembab
339,2011-12-05,Winter,2011,Dec,0,Mon,1,Misty,0.385833,0.393925,8270.830000000002,233,3578,3811,Terlalu Lembab
340,2011-12-06,Winter,2011,Dec,0,Tue,1,Light_rainsnow,0.4625,0.4564,9495.83,126,2468,2594,Terlalu Lembab
341,2011-12-07,Winter,2011,Dec,0,Wed,1,Light_rainsnow,0.41,0.400246,9704.169999999998,50,655,705,Terlalu Lembab
342,2011-12-08,Winter,2011,Dec,0,Thu,1,Clear,0.265833,0.256938,5799.999999999999,150,3172,3322,Terlalu Lembab
343,2011-12-09,Winter,2011,Dec,0,Fri,1,Clear,0.290833,0.317542,6958.330000000001,261,3359,3620,Terlalu Lembab
344,2011-12-10,Winter,2011,Dec,0,Sat,0,Clear,0.275,0.266412,5074.999999999999,502,2688,3190,Terlalu Lembab
345,2011-12-11,Winter,2011,Dec,0,Sun,0,Clear,0.220833,0.253154,4900.0,377,2366,2743,Terlalu Lembab
346,2011-12-12,Winter,2011,Dec,0,Mon,1,Clear,0.238333,0.270196,6708.330000000001,143,3167,3310,Terlalu Lembab
347,2011-12-13,Winter,2011,Dec,0,Tue,1,Clear,0.2825,0.301138,5900.0,155,3368,3523,Terlalu Lembab
348,2011-12-14,Winter,2011,Dec,0,Wed,1,Misty,0.3175,0.338362,6637.5,178,3562,3740,Terlalu Lembab
349,2011-12-15,Winter,2011,Dec,0,Thu,1,Misty,0.4225,0.412237,6341.670000000001,181,3528,3709,Terlalu Lembab
350,2011-12-16,Winter,2011,Dec,0,Fri,1,Misty,0.375,0.359825,5004.17,178,3399,3577,Terlalu Lembab
351,2011-12-17,Winter,2011,Dec,0,Sat,0,Misty,0.258333,0.249371,5608.33,275,2464,2739,Terlalu Lembab
352,2011-12-18,Winter,2011,Dec,0,Sun,0,Clear,0.238333,0.245579,5862.500000000001,220,2211,2431,Terlalu Lembab
353,2011-12-19,Winter,2011,Dec,0,Mon,1,Clear,0.276667,0.280933,6374.999999999999,260,3143,3403,Terlalu Lembab
354,2011-12-20,Winter,2011,Dec,0,Tue,1,Misty,0.385833,0.396454,5954.17,216,3534,3750,Terlalu Lembab
355,2011-12-21,Spring,2011,Dec,0,Wed,1,Misty,0.428333,0.428017,8583.330000000002,107,2553,2660,Terlalu Lembab
356,2011-12-22,Spring,2011,Dec,0,Thu,1,Misty,0.423333,0.426121,7575.0,227,2841,3068,Terlalu Lembab
357,2011-12-23,Spring,2011,Dec,0,Fri,1,Clear,0.373333,0.377513,6862.5,163,2046,2209,Terlalu Lembab
358,2011-12-24,Spring,2011,Dec,0,Sat,0,Clear,0.3025,0.299242,5425.0,155,856,1011,Terlalu Lembab
359,2011-12-25,Spring,2011,Dec,0,Sun,0,Clear,0.274783,0.279961,6813.040000000001,303,451,754,Terlalu Lembab
360,2011-12-26,Spring,2011,Dec,1,Mon,0,Clear,0.321739,0.315535,5069.570000000001,430,887,1317,Terlalu Lembab
361,2011-12-27,Spring,2011,Dec,0,Tue,1,Misty,0.325,0.327633,7625.0,103,1059,1162,Terlalu Lembab
362,2011-12-28,Spring,2011,Dec,0,Wed,1,Clear,0.29913,0.279974,5039.130000000001,255,2047,2302,Terlalu Lembab
363,2011-12-29,Spring,2011,Dec,0,Thu,1,Clear,0.248333,0.263892,5741.67,254,2169,2423,Terlalu Lembab
364,2011-12-30,Spring,2011,Dec,0,Fri,1,Clear,0.311667,0.318812,6366.67,491,2508,2999,Terlalu Lembab
365,2011-12-31,Spring,2011,Dec,0,Sat,0,Clear,0.41,0.414121,6158.329999999999,665,1820,2485,Terlalu Lembab
366,2012-01-01,Spring,2012,Jan,0,Sun,0,Clear,0.37,0.375621,6925.0,686,1608,2294,Terlalu Lembab
367,2012-01-02,Spring,2012,Jan,1,Mon,0,Clear,0.273043,0.252304,3813.0399999999995,244,1707,1951,Terlalu Lembab
368,2012-01-03,Spring,2012,Jan,0,Tue,1,Clear,0.15,0.126275,4412.5,89,2147,2236,Terlalu Lembab
369,2012-01-04,Spring,2012,Jan,0,Wed,1,Misty,0.1075,0.119337,4145.83,95,2273,2368,Terlalu Lembab
370,2012-01-05,Spring,2012,Jan,0,Thu,1,Clear,0.265833,0.278412,5241.670000000001,140,3132,3272,Terlalu Lembab
371,2012-01-06,Spring,2012,Jan,0,Fri,1,Clear,0.334167,0.340267,5420.83,307,3791,4098,Terlalu Lembab
372,2012-01-07,Spring,2012,Jan,0,Sat,0,Clear,0.393333,0.390779,5316.67,1070,3451,4521,Terlalu Lembab
373,2012-01-08,Spring,2012,Jan,0,Sun,0,Clear,0.3375,0.340258,4650.0,599,2826,3425,Terlalu Lembab
374,2012-01-09,Spring,2012,Jan,0,Mon,1,Misty,0.224167,0.247479,7016.670000000001,106,2270,2376,Terlalu Lembab
375,2012-01-10,Spring,2012,Jan,0,Tue,1,Clear,0.308696,0.318826,6465.220000000001,173,3425,3598,Terlalu Lembab
376,2012-01-11,Spring,2012,Jan,0,Wed,1,Misty,0.274167,0.282821,8475.0,92,2085,2177,Terlalu Lembab
377,2012-01-12,Spring,2012,Jan,0,Thu,1,Misty,0.3825,0.381938,8029.170000000001,269,3828,4097,Terlalu Lembab
378,2012-01-13,Spring,2012,Jan,0,Fri,1,Clear,0.274167,0.249362,5074.999999999999,174,3040,3214,Terlalu Lembab
379,2012-01-14,Spring,2012,Jan,0,Sat,0,Clear,0.18,0.183087,4575.0,333,2160,2493,Terlalu Lembab
380,2012-01-15,Spring,2012,Jan,0,Sun,0,Clear,0.166667,0.161625,4191.67,284,2027,2311,Terlalu Lembab
381,2012-01-16,Spring,2012,Jan,1,Mon,0,Clear,0.19,0.190663,5225.0,217,2081,2298,Terlalu Lembab
382,2012-01-17,Spring,2012,Jan,0,Tue,1,Misty,0.373043,0.364278,7160.87,127,2808,2935,Terlalu Lembab
383,2012-01-18,Spring,2012,Jan,0,Wed,1,Clear,0.303333,0.275254,4433.329999999999,109,3267,3376,Terlalu Lembab
384,2012-01-19,Spring,2012,Jan,0,Thu,1,Clear,0.19,0.190038,4975.0,130,3162,3292,Terlalu Lembab
385,2012-01-20,Spring,2012,Jan,0,Fri,1,Misty,0.2175,0.220958,4500.0,115,3048,3163,Terlalu Lembab
386,2012-01-21,Spring,2012,Jan,0,Sat,0,Misty,0.173333,0.174875,8312.5,67,1234,1301,Terlalu Lembab
387,2012-01-22,Spring,2012,Jan,0,Sun,0,Misty,0.1625,0.16225,7962.5,196,1781,1977,Terlalu Lembab
388,2012-01-23,Spring,2012,Jan,0,Mon,1,Misty,0.218333,0.243058,9112.5,145,2287,2432,Terlalu Lembab
389,2012-01-24,Spring,2012,Jan,0,Tue,1,Clear,0.3425,0.349108,8358.330000000002,439,3900,4339,Terlalu Lembab
390,2012-01-25,Spring,2012,Jan,0,Wed,1,Clear,0.294167,0.294821,6437.5,467,3803,4270,Terlalu Lembab
391,2012-01-26,Spring,2012,Jan,0,Thu,1,Misty,0.341667,0.35605,7695.830000000001,244,3831,4075,Terlalu Lembab
392,2012-01-27,Spring,2012,Jan,0,Fri,1,Misty,0.425,0.415383,7412.5,269,3187,3456,Terlalu Lembab
393,2012-01-28,Spring,2012,Jan,0,Sat,0,Clear,0.315833,0.326379,5433.329999999999,775,3248,4023,Terlalu Lembab
394,2012-01-29,Spring,2012,Jan,0,Sun,0,Clear,0.2825,0.272721,3112.5000000000005,558,2685,3243,Terlalu Lembab
395,2012-01-30,Spring,2012,Jan,0,Mon,1,Clear,0.269167,0.262625,4008.33,126,3498,3624,Terlalu Lembab
396,2012-01-31,Spring,2012,Jan,0,Tue,1,Clear,0.39,0.381317,4166.67,324,4185,4509,Terlalu Lembab
397,2012-02-01,Spring,2012,Feb,0,Wed,1,Clear,0.469167,0.466538,5079.169999999999,304,4275,4579,Terlalu Lembab
398,2012-02-02,Spring,2012,Feb,0,Thu,1,Misty,0.399167,0.398971,6729.169999999999,190,3571,3761,Terlalu Lembab
399,2012-02-03,Spring,2012,Feb,0,Fri,1,Clear,0.313333,0.309346,5266.67,310,3841,4151,Terlalu Lembab
400,2012-02-04,Spring,2012,Feb,0,Sat,0,Misty,0.264167,0.272725,7795.830000000001,384,2448,2832,Terlalu Lembab
401,2012-02-05,Spring,2012,Feb,0,Sun,0,Misty,0.265833,0.264521,6879.170000000001,318,2629,2947,Terlalu Lembab
402,2012-02-06,Spring,2012,Feb,0,Mon,1,Clear,0.282609,0.296426,6221.74,206,3578,3784,Terlalu Lembab
403,2012-02-07,Spring,2012,Feb,0,Tue,1,Clear,0.354167,0.361104,4962.5,199,4176,4375,Terlalu Lembab
404,2012-02-08,Spring,2012,Feb,0,Wed,1,Misty,0.256667,0.266421,7229.170000000001,109,2693,2802,Terlalu Lembab
405,2012-02-09,Spring,2012,Feb,0,Thu,1,Clear,0.265,0.261988,5620.83,163,3667,3830,Terlalu Lembab
406,2012-02-10,Spring,2012,Feb,0,Fri,1,Misty,0.280833,0.293558,5400.0,227,3604,3831,Terlalu Lembab
407,2012-02-11,Spring,2012,Feb,0,Sat,0,Light_rainsnow,0.224167,0.210867,7312.5,192,1977,2169,Terlalu Lembab
408,2012-02-12,Spring,2012,Feb,0,Sun,0,Clear,0.1275,0.101658,4645.83,73,1456,1529,Terlalu Lembab
409,2012-02-13,Spring,2012,Feb,0,Mon,1,Clear,0.2225,0.227913,4112.5,94,3328,3422,Terlalu Lembab
410,2012-02-14,Spring,2012,Feb,0,Tue,1,Misty,0.319167,0.333946,5087.5,135,3787,3922,Terlalu Lembab
411,2012-02-15,Spring,2012,Feb,0,Wed,1,Clear,0.348333,0.351629,5312.5,141,4028,4169,Terlalu Lembab
412,2012-02-16,Spring,2012,Feb,0,Thu,1,Misty,0.316667,0.330162,7529.169999999999,74,2931,3005,Terlalu Lembab
413,2012-02-17,Spring,2012,Feb,0,Fri,1,Clear,0.343333,0.351629,6345.83,349,3805,4154,Terlalu Lembab
414,2012-02-18,Spring,2012,Feb,0,Sat,0,Clear,0.346667,0.355425,5345.83,1435,2883,4318,Terlalu Lembab
415,2012-02-19,Spring,2012,Feb,0,Sun,0,Misty,0.28,0.265788,5158.33,618,2071,2689,Terlalu Lembab
416,2012-02-20,Spring,2012,Feb,1,Mon,0,Clear,0.28,0.273391,5078.26,502,2627,3129,Terlalu Lembab
417,2012-02-21,Spring,2012,Feb,0,Tue,1,Clear,0.287826,0.295113,5943.48,163,3614,3777,Terlalu Lembab
418,2012-02-22,Spring,2012,Feb,0,Wed,1,Clear,0.395833,0.392667,5679.17,394,4379,4773,Terlalu Lembab
419,2012-02-23,Spring,2012,Feb,0,Thu,1,Clear,0.454167,0.444446,5545.830000000001,516,4546,5062,Terlalu Lembab
420,2012-02-24,Spring,2012,Feb,0,Fri,1,Misty,0.4075,0.410971,7375.0,246,3241,3487,Terlalu Lembab
421,2012-02-25,Spring,2012,Feb,0,Sat,0,Clear,0.290833,0.255675,3958.33,317,2415,2732,Terlalu Lembab
422,2012-02-26,Spring,2012,Feb,0,Sun,0,Clear,0.279167,0.268308,4100.0,515,2874,3389,Terlalu Lembab
423,2012-02-27,Spring,2012,Feb,0,Mon,1,Clear,0.366667,0.357954,4908.33,253,4069,4322,Terlalu Lembab
424,2012-02-28,Spring,2012,Feb,0,Tue,1,Clear,0.359167,0.353525,3958.33,229,4134,4363,Terlalu Lembab
425,2012-02-29,Spring,2012,Feb,0,Wed,1,Misty,0.344348,0.34847,8047.830000000001,65,1769,1834,Terlalu Lembab
426,2012-03-01,Spring,2012,Mar,0,Thu,1,Clear,0.485833,0.475371,6154.17,325,4665,4990,Terlalu Lembab
427,2012-03-02,Spring,2012,Mar,0,Fri,1,Misty,0.353333,0.359842,6570.829999999999,246,2948,3194,Terlalu Lembab
428,2012-03-03,Spring,2012,Mar,0,Sat,0,Misty,0.414167,0.413492,6212.5,956,3110,4066,Terlalu Lembab
429,2012-03-04,Spring,2012,Mar,0,Sun,0,Clear,0.325833,0.303021,4033.33,710,2713,3423,Terlalu Lembab
430,2012-03-05,Spring,2012,Mar,0,Mon,1,Clear,0.243333,0.241171,5062.5,203,3130,3333,Terlalu Lembab
431,2012-03-06,Spring,2012,Mar,0,Tue,1,Clear,0.258333,0.255042,4566.67,221,3735,3956,Terlalu Lembab
432,2012-03-07,Spring,2012,Mar,0,Wed,1,Clear,0.404167,0.3851,5133.33,432,4484,4916,Terlalu Lembab
433,2012-03-08,Spring,2012,Mar,0,Thu,1,Clear,0.5275,0.524604,5675.0,486,4896,5382,Terlalu Lembab
434,2012-03-09,Spring,2012,Mar,0,Fri,1,Misty,0.410833,0.397083,4070.8299999999995,447,4122,4569,Terlalu Lembab
435,2012-03-10,Spring,2012,Mar,0,Sat,0,Clear,0.2875,0.277767,3504.17,968,3150,4118,Terlalu Lembab
436,2012-03-11,Spring,2012,Mar,0,Sun,0,Clear,0.361739,0.35967,4769.570000000001,1658,3253,4911,Terlalu Lembab
437,2012-03-12,Spring,2012,Mar,0,Mon,1,Clear,0.466667,0.459592,4891.67,838,4460,5298,Terlalu Lembab
438,2012-03-13,Spring,2012,Mar,0,Tue,1,Clear,0.565,0.542929,6175.000000000001,762,5085,5847,Terlalu Lembab
439,2012-03-14,Spring,2012,Mar,0,Wed,1,Clear,0.5725,0.548617,5070.829999999999,997,5315,6312,Terlalu Lembab
440,2012-03-15,Spring,2012,Mar,0,Thu,1,Clear,0.5575,0.532825,5795.829999999999,1005,5187,6192,Terlalu Lembab
441,2012-03-16,Spring,2012,Mar,0,Fri,1,Misty,0.435833,0.436229,8420.830000000002,548,3830,4378,Terlalu Lembab
442,2012-03-17,Spring,2012,Mar,0,Sat,0,Misty,0.514167,0.505046,7558.329999999999,3155,4681,7836,Terlalu Lembab
443,2012-03-18,Spring,2012,Mar,0,Sun,0,Misty,0.4725,0.464,8100.0,2207,3685,5892,Terlalu Lembab
444,2012-03-19,Spring,2012,Mar,0,Mon,1,Clear,0.545,0.532821,7287.5,982,5171,6153,Terlalu Lembab
445,2012-03-20,Spring,2012,Mar,0,Tue,1,Clear,0.560833,0.538533,8079.170000000001,1051,5042,6093,Terlalu Lembab
446,2012-03-21,Summer,2012,Mar,0,Wed,1,Misty,0.531667,0.513258,8212.5,1122,5108,6230,Terlalu Lembab
447,2012-03-22,Summer,2012,Mar,0,Thu,1,Clear,0.554167,0.531567,8312.5,1334,5537,6871,Terlalu Lembab
448,2012-03-23,Summer,2012,Mar,0,Fri,1,Misty,0.601667,0.570067,6941.669999999999,2469,5893,8362,Terlalu Lembab
449,2012-03-24,Summer,2012,Mar,0,Sat,0,Misty,0.5025,0.486733,8854.17,1033,2339,3372,Terlalu Lembab
450,2012-03-25,Summer,2012,Mar,0,Sun,0,Misty,0.4375,0.437488,8808.33,1532,3464,4996,Terlalu Lembab
451,2012-03-26,Summer,2012,Mar,0,Mon,1,Clear,0.445833,0.43875,4779.17,795,4763,5558,Terlalu Lembab
452,2012-03-27,Summer,2012,Mar,0,Tue,1,Clear,0.323333,0.315654,2899.9999999999995,531,4571,5102,Terlalu Lembab
453,2012-03-28,Summer,2012,Mar,0,Wed,1,Clear,0.484167,0.47095,4812.5,674,5024,5698,Terlalu Lembab
454,2012-03-29,Summer,2012,Mar,0,Thu,1,Clear,0.494167,0.482304,4391.67,834,5299,6133,Terlalu Lembab
455,2012-03-30,Summer,2012,Mar,0,Fri,1,Misty,0.37,0.375621,5808.33,796,4663,5459,Terlalu Lembab
456,2012-03-31,Summer,2012,Mar,0,Sat,0,Misty,0.424167,0.421708,7383.330000000001,2301,3934,6235,Terlalu Lembab
457,2012-04-01,Summer,2012,Apr,0,Sun,0,Misty,0.425833,0.417287,6762.5,2347,3694,6041,Terlalu Lembab
458,2012-04-02,Summer,2012,Apr,0,Mon,1,Clear,0.433913,0.427513,5043.4800000000005,1208,4728,5936,Terlalu Lembab
459,2012-04-03,Summer,2012,Apr,0,Tue,1,Clear,0.466667,0.461483,3966.67,1348,5424,6772,Terlalu Lembab
460,2012-04-04,Summer,2012,Apr,0,Wed,1,Clear,0.541667,0.53345,4695.829999999999,1058,5378,6436,Terlalu Lembab
461,2012-04-05,Summer,2012,Apr,0,Thu,1,Clear,0.435,0.431163,3741.6700000000005,1192,5265,6457,Terlalu Lembab
462,2012-04-06,Summer,2012,Apr,0,Fri,1,Clear,0.403333,0.390767,3770.83,1807,4653,6460,Terlalu Lembab
463,2012-04-07,Summer,2012,Apr,0,Sat,0,Clear,0.4375,0.426129,2541.67,3252,3605,6857,Terlalu Lembab
464,2012-04-08,Summer,2012,Apr,0,Sun,0,Clear,0.5,0.492425,2758.33,2230,2939,5169,Terlalu Lembab
465,2012-04-09,Summer,2012,Apr,0,Mon,1,Clear,0.489167,0.476638,3175.0,905,4680,5585,Terlalu Lembab
466,2012-04-10,Summer,2012,Apr,0,Tue,1,Clear,0.446667,0.436233,4350.0,819,5099,5918,Terlalu Lembab
467,2012-04-11,Summer,2012,Apr,0,Wed,1,Clear,0.348696,0.337274,4695.65,482,4380,4862,Terlalu Lembab
468,2012-04-12,Summer,2012,Apr,0,Thu,1,Clear,0.3975,0.387604,4662.5,663,4746,5409,Terlalu Lembab
469,2012-04-13,Summer,2012,Apr,0,Fri,1,Clear,0.4425,0.431808,4083.33,1252,5146,6398,Terlalu Lembab
470,2012-04-14,Summer,2012,Apr,0,Sat,0,Clear,0.495,0.487996,5029.169999999999,2795,4665,7460,Terlalu Lembab
471,2012-04-15,Summer,2012,Apr,0,Sun,0,Clear,0.606667,0.573875,5079.169999999999,2846,4286,7132,Terlalu Lembab
472,2012-04-16,Summer,2012,Apr,1,Mon,0,Clear,0.664167,0.614925,5616.670000000001,1198,5172,6370,Terlalu Lembab
473,2012-04-17,Summer,2012,Apr,0,Tue,1,Clear,0.608333,0.598487,3904.17,989,5702,6691,Terlalu Lembab
474,2012-04-18,Summer,2012,Apr,0,Wed,1,Misty,0.463333,0.457038,5691.67,347,4020,4367,Terlalu Lembab
475,2012-04-19,Summer,2012,Apr,0,Thu,1,Clear,0.498333,0.493046,6125.000000000001,846,5719,6565,Terlalu Lembab
476,2012-04-20,Summer,2012,Apr,0,Fri,1,Clear,0.526667,0.515775,6945.829999999999,1340,5950,7290,Terlalu Lembab
477,2012-04-21,Summer,2012,Apr,0,Sat,0,Clear,0.57,0.542921,6829.170000000001,2541,4083,6624,Terlalu Lembab
478,2012-04-22,Summer,2012,Apr,0,Sun,0,Light_rainsnow,0.396667,0.389504,8354.169999999998,120,907,1027,Terlalu Lembab
479,2012-04-23,Summer,2012,Apr,0,Mon,1,Misty,0.321667,0.301125,7666.669999999999,195,3019,3214,Terlalu Lembab
480,2012-04-24,Summer,2012,Apr,0,Tue,1,Clear,0.413333,0.405283,4541.67,518,5115,5633,Terlalu Lembab
481,2012-04-25,Summer,2012,Apr,0,Wed,1,Clear,0.476667,0.470317,4279.17,655,5541,6196,Terlalu Lembab
482,2012-04-26,Summer,2012,Apr,0,Thu,1,Misty,0.498333,0.483583,7566.669999999999,475,4551,5026,Terlalu Lembab
483,2012-04-27,Summer,2012,Apr,0,Fri,1,Clear,0.4575,0.452637,4008.33,1014,5219,6233,Terlalu Lembab
484,2012-04-28,Summer,2012,Apr,0,Sat,0,Misty,0.376667,0.377504,4895.83,1120,3100,4220,Terlalu Lembab
485,2012-04-29,Summer,2012,Apr,0,Sun,0,Clear,0.458333,0.450121,5870.83,2229,4075,6304,Terlalu Lembab
486,2012-04-30,Summer,2012,Apr,0,Mon,1,Misty,0.464167,0.457696,5699.999999999999,665,4907,5572,Terlalu Lembab
487,2012-05-01,Summer,2012,May,0,Tue,1,Misty,0.613333,0.577021,6595.830000000001,653,5087,5740,Terlalu Lembab
488,2012-05-02,Summer,2012,May,0,Wed,1,Clear,0.564167,0.537896,7970.829999999999,667,5502,6169,Terlalu Lembab
489,2012-05-03,Summer,2012,May,0,Thu,1,Misty,0.56,0.537242,7683.330000000001,764,5657,6421,Terlalu Lembab
490,2012-05-04,Summer,2012,May,0,Fri,1,Clear,0.6275,0.590917,7354.169999999999,1069,5227,6296,Terlalu Lembab
491,2012-05-05,Summer,2012,May,0,Sat,0,Misty,0.621667,0.584608,7566.669999999999,2496,4387,6883,Terlalu Lembab
492,2012-05-06,Summer,2012,May,0,Sun,0,Misty,0.5625,0.546737,7400.0,2135,4224,6359,Terlalu Lembab
493,2012-05-07,Summer,2012,May,0,Mon,1,Misty,0.5375,0.527142,6641.669999999999,1008,5265,6273,Terlalu Lembab
494,2012-05-08,Summer,2012,May,0,Tue,1,Misty,0.581667,0.557471,6858.330000000001,738,4990,5728,Terlalu Lembab
495,2012-05-09,Summer,2012,May,0,Wed,1,Misty,0.575,0.553025,7441.670000000001,620,4097,4717,Terlalu Lembab
496,2012-05-10,Summer,2012,May,0,Thu,1,Clear,0.505833,0.491783,5520.83,1026,5546,6572,Terlalu Lembab
497,2012-05-11,Summer,2012,May,0,Fri,1,Clear,0.533333,0.520833,3604.17,1319,5711,7030,Terlalu Lembab
498,2012-05-12,Summer,2012,May,0,Sat,0,Clear,0.564167,0.544817,4804.17,2622,4807,7429,Terlalu Lembab
499,2012-05-13,Summer,2012,May,0,Sun,0,Clear,0.6125,0.585238,5762.500000000001,2172,3946,6118,Terlalu Lembab
500,2012-05-14,Summer,2012,May,0,Mon,1,Misty,0.573333,0.5499,7895.830000000001,342,2501,2843,Terlalu Lembab
501,2012-05-15,Summer,2012,May,0,Tue,1,Misty,0.611667,0.576404,7945.830000000001,625,4490,5115,Terlalu Lembab
502,2012-05-16,Summer,2012,May,0,Wed,1,Clear,0.636667,0.595975,6979.170000000001,991,6433,7424,Terlalu Lembab
503,2012-05-17,Summer,2012,May,0,Thu,1,Clear,0.593333,0.572613,5200.0,1242,6142,7384,Terlalu Lembab
504,2012-05-18,Summer,2012,May,0,Fri,1,Clear,0.564167,0.551121,5233.330000000001,1521,6118,7639,Terlalu Lembab
505,2012-05-19,Summer,2012,May,0,Sat,0,Clear,0.6,0.566908,4562.5,3410,4884,8294,Terlalu Lembab
506,2012-05-20,Summer,2012,May,0,Sun,0,Clear,0.620833,0.583967,5304.170000000001,2704,4425,7129,Terlalu Lembab
507,2012-05-21,Summer,2012,May,0,Mon,1,Misty,0.598333,0.565667,8112.5,630,3729,4359,Terlalu Lembab
508,2012-05-22,Summer,2012,May,0,Tue,1,Misty,0.615,0.580825,7658.329999999999,819,5254,6073,Terlalu Lembab
509,2012-05-23,Summer,2012,May,0,Wed,1,Misty,0.621667,0.584612,7745.830000000001,766,4494,5260,Terlalu Lembab
510,2012-05-24,Summer,2012,May,0,Thu,1,Clear,0.655,0.6067,7166.670000000001,1059,5711,6770,Terlalu Lembab
511,2012-05-25,Summer,2012,May,0,Fri,1,Clear,0.68,0.627529,7470.830000000001,1417,5317,6734,Terlalu Lembab
512,2012-05-26,Summer,2012,May,0,Sat,0,Clear,0.6925,0.642696,7325.0,2855,3681,6536,Terlalu Lembab
513,2012-05-27,Summer,2012,May,0,Sun,0,Clear,0.69,0.641425,6970.829999999999,3283,3308,6591,Terlalu Lembab
514,2012-05-28,Summer,2012,May,1,Mon,0,Clear,0.7125,0.6793,6762.5,2557,3486,6043,Terlalu Lembab
515,2012-05-29,Summer,2012,May,0,Tue,1,Clear,0.7225,0.672992,6845.830000000001,880,4863,5743,Terlalu Lembab
516,2012-05-30,Summer,2012,May,0,Wed,1,Misty,0.656667,0.611129,6700.0,745,6110,6855,Terlalu Lembab
517,2012-05-31,Summer,2012,May,0,Thu,1,Clear,0.68,0.631329,4929.17,1100,6238,7338,Terlalu Lembab
518,2012-06-01,Summer,2012,Jun,0,Fri,1,Misty,0.654167,0.607962,7554.170000000001,533,3594,4127,Terlalu Lembab
519,2012-06-02,Summer,2012,Jun,0,Sat,0,Clear,0.583333,0.566288,5491.67,2795,5325,8120,Terlalu Lembab
520,2012-06-03,Summer,2012,Jun,0,Sun,0,Clear,0.6025,0.575133,4933.33,2494,5147,7641,Terlalu Lembab
521,2012-06-04,Summer,2012,Jun,0,Mon,1,Clear,0.5975,0.578283,4870.83,1071,5927,6998,Terlalu Lembab
522,2012-06-05,Summer,2012,Jun,0,Tue,1,Misty,0.540833,0.525892,6133.33,968,6033,7001,Terlalu Lembab
523,2012-06-06,Summer,2012,Jun,0,Wed,1,Clear,0.554167,0.542292,6112.499999999999,1027,6028,7055,Terlalu Lembab
524,2012-06-07,Summer,2012,Jun,0,Thu,1,Clear,0.6025,0.569442,5670.83,1038,6456,7494,Terlalu Lembab
525,2012-06-08,Summer,2012,Jun,0,Fri,1,Clear,0.649167,0.597862,4679.170000000001,1488,6248,7736,Terlalu Lembab
526,2012-06-09,Summer,2012,Jun,0,Sat,0,Clear,0.710833,0.648367,4370.83,2708,4790,7498,Terlalu Lembab
527,2012-06-10,Summer,2012,Jun,0,Sun,0,Clear,0.726667,0.663517,5383.329999999999,2224,4374,6598,Terlalu Lembab
528,2012-06-11,Summer,2012,Jun,0,Mon,1,Misty,0.720833,0.659721,5879.170000000001,1017,5647,6664,Terlalu Lembab
529,2012-06-12,Summer,2012,Jun,0,Tue,1,Misty,0.653333,0.597875,8333.33,477,4495,4972,Terlalu Lembab
530,2012-06-13,Summer,2012,Jun,0,Wed,1,Clear,0.655833,0.611117,5820.83,1173,6248,7421,Terlalu Lembab
531,2012-06-14,Summer,2012,Jun,0,Thu,1,Clear,0.648333,0.624383,5695.829999999999,1180,6183,7363,Terlalu Lembab
532,2012-06-15,Summer,2012,Jun,0,Fri,1,Clear,0.639167,0.599754,5895.829999999999,1563,6102,7665,Terlalu Lembab
533,2012-06-16,Summer,2012,Jun,0,Sat,0,Clear,0.631667,0.594708,5041.670000000001,2963,4739,7702,Terlalu Lembab
534,2012-06-17,Summer,2012,Jun,0,Sun,0,Clear,0.5925,0.571975,5987.5,2634,4344,6978,Terlalu Lembab
535,2012-06-18,Summer,2012,Jun,0,Mon,1,Misty,0.568333,0.544842,7779.169999999999,653,4446,5099,Terlalu Lembab
536,2012-06-19,Summer,2012,Jun,0,Tue,1,Clear,0.688333,0.654692,6900.0,968,5857,6825,Terlalu Lembab
537,2012-06-20,Summer,2012,Jun,0,Wed,1,Clear,0.7825,0.720975,5920.83,872,5339,6211,Terlalu Lembab
538,2012-06-21,Fall,2012,Jun,0,Thu,1,Clear,0.805833,0.752542,5679.17,778,5127,5905,Terlalu Lembab
539,2012-06-22,Fall,2012,Jun,0,Fri,1,Clear,0.7775,0.724121,5737.5,964,4859,5823,Terlalu Lembab
540,2012-06-23,Fall,2012,Jun,0,Sat,0,Clear,0.731667,0.652792,5345.83,2657,4801,7458,Terlalu Lembab
541,2012-06-24,Fall,2012,Jun,0,Sun,0,Clear,0.743333,0.674254,4791.67,2551,4340,6891,Terlalu Lembab
542,2012-06-25,Fall,2012,Jun,0,Mon,1,Clear,0.715833,0.654042,5041.670000000001,1139,5640,6779,Terlalu Lembab
543,2012-06-26,Fall,2012,Jun,0,Tue,1,Clear,0.630833,0.594704,3733.33,1077,6365,7442,Terlalu Lembab
544,2012-06-27,Fall,2012,Jun,0,Wed,1,Clear,0.6975,0.640792,3600.0,1077,6258,7335,Terlalu Lembab
545,2012-06-28,Fall,2012,Jun,0,Thu,1,Clear,0.749167,0.675512,4225.0,921,5958,6879,Terlalu Lembab
546,2012-06-29,Fall,2012,Jun,0,Fri,1,Clear,0.834167,0.786613,4887.5,829,4634,5463,Terlalu Lembab
547,2012-06-30,Fall,2012,Jun,0,Sat,0,Clear,0.765,0.687508,6012.499999999999,1455,4232,5687,Terlalu Lembab
548,2012-07-01,Fall,2012,Jul,0,Sun,0,Clear,0.815833,0.750629,5187.500000000001,1421,4110,5531,Terlalu Lembab
549,2012-07-02,Fall,2012,Jul,0,Mon,1,Clear,0.781667,0.702038,4470.83,904,5323,6227,Terlalu Lembab
550,2012-07-03,Fall,2012,Jul,0,Tue,1,Clear,0.780833,0.70265,4920.83,1052,5608,6660,Terlalu Lembab
551,2012-07-04,Fall,2012,Jul,1,Wed,0,Clear,0.789167,0.732337,5387.499999999999,2562,4841,7403,Terlalu Lembab
552,2012-07-05,Fall,2012,Jul,0,Thu,1,Clear,0.8275,0.761367,4579.17,1405,4836,6241,Terlalu Lembab
553,2012-07-06,Fall,2012,Jul,0,Fri,1,Clear,0.828333,0.752533,4508.33,1366,4841,6207,Terlalu Lembab
554,2012-07-07,Fall,2012,Jul,0,Sat,0,Clear,0.861667,0.804913,4920.83,1448,3392,4840,Terlalu Lembab
555,2012-07-08,Fall,2012,Jul,0,Sun,0,Clear,0.8225,0.790396,5737.5,1203,3469,4672,Terlalu Lembab
556,2012-07-09,Fall,2012,Jul,0,Mon,1,Misty,0.710833,0.654054,6833.329999999999,998,5571,6569,Terlalu Lembab
557,2012-07-10,Fall,2012,Jul,0,Tue,1,Misty,0.720833,0.664796,6675.0,954,5336,6290,Terlalu Lembab
558,2012-07-11,Fall,2012,Jul,0,Wed,1,Clear,0.716667,0.650271,6333.33,975,6289,7264,Terlalu Lembab
559,2012-07-12,Fall,2012,Jul,0,Thu,1,Clear,0.715833,0.654683,5295.83,1032,6414,7446,Terlalu Lembab
560,2012-07-13,Fall,2012,Jul,0,Fri,1,Misty,0.731667,0.667933,4858.33,1511,5988,7499,Terlalu Lembab
561,2012-07-14,Fall,2012,Jul,0,Sat,0,Misty,0.703333,0.666042,6991.669999999999,2355,4614,6969,Terlalu Lembab
562,2012-07-15,Fall,2012,Jul,0,Sun,0,Clear,0.745833,0.705196,7179.170000000001,1920,4111,6031,Terlalu Lembab
563,2012-07-16,Fall,2012,Jul,0,Mon,1,Clear,0.763333,0.724125,6450.0,1088,5742,6830,Terlalu Lembab
564,2012-07-17,Fall,2012,Jul,0,Tue,1,Clear,0.818333,0.755683,5058.329999999999,921,5865,6786,Terlalu Lembab
565,2012-07-18,Fall,2012,Jul,0,Wed,1,Clear,0.793333,0.745583,5770.83,799,4914,5713,Terlalu Lembab
566,2012-07-19,Fall,2012,Jul,0,Thu,1,Clear,0.77,0.714642,6004.17,888,5703,6591,Terlalu Lembab
567,2012-07-20,Fall,2012,Jul,0,Fri,1,Misty,0.665833,0.613025,8441.67,747,5123,5870,Terlalu Lembab
568,2012-07-21,Fall,2012,Jul,0,Sat,0,Light_rainsnow,0.595833,0.549912,8654.17,1264,3195,4459,Terlalu Lembab
569,2012-07-22,Fall,2012,Jul,0,Sun,0,Misty,0.6675,0.623125,7625.0,2544,4866,7410,Terlalu Lembab
570,2012-07-23,Fall,2012,Jul,0,Mon,1,Clear,0.741667,0.690017,6941.669999999999,1135,5831,6966,Terlalu Lembab
571,2012-07-24,Fall,2012,Jul,0,Tue,1,Clear,0.750833,0.70645,6550.0,1140,6452,7592,Terlalu Lembab
572,2012-07-25,Fall,2012,Jul,0,Wed,1,Clear,0.724167,0.654054,4500.0,1383,6790,8173,Terlalu Lembab
573,2012-07-26,Fall,2012,Jul,0,Thu,1,Clear,0.776667,0.739263,5966.669999999999,1036,5825,6861,Terlalu Lembab
574,2012-07-27,Fall,2012,Jul,0,Fri,1,Clear,0.781667,0.734217,5945.829999999999,1259,5645,6904,Terlalu Lembab
575,2012-07-28,Fall,2012,Jul,0,Sat,0,Clear,0.755833,0.697604,6133.33,2234,4451,6685,Terlalu Lembab
576,2012-07-29,Fall,2012,Jul,0,Sun,0,Clear,0.721667,0.667933,6237.5,2153,4444,6597,Terlalu Lembab
577,2012-07-30,Fall,2012,Jul,0,Mon,1,Clear,0.730833,0.684987,6687.5,1040,6065,7105,Terlalu Lembab
578,2012-07-31,Fall,2012,Jul,0,Tue,1,Clear,0.713333,0.662896,7041.669999999999,968,6248,7216,Terlalu Lembab
579,2012-08-01,Fall,2012,Aug,0,Wed,1,Clear,0.7175,0.667308,6775.0,1074,6506,7580,Terlalu Lembab
580,2012-08-02,Fall,2012,Aug,0,Thu,1,Clear,0.7525,0.707088,6595.830000000001,983,6278,7261,Terlalu Lembab
581,2012-08-03,Fall,2012,Aug,0,Fri,1,Misty,0.765833,0.722867,6425.0,1328,5847,7175,Terlalu Lembab
582,2012-08-04,Fall,2012,Aug,0,Sat,0,Clear,0.793333,0.751267,6133.33,2345,4479,6824,Terlalu Lembab
583,2012-08-05,Fall,2012,Aug,0,Sun,0,Clear,0.769167,0.731079,6525.0,1707,3757,5464,Terlalu Lembab
584,2012-08-06,Fall,2012,Aug,0,Mon,1,Misty,0.7525,0.710246,6541.670000000001,1233,5780,7013,Terlalu Lembab
585,2012-08-07,Fall,2012,Aug,0,Tue,1,Misty,0.735833,0.697621,7037.5,1278,5995,7273,Terlalu Lembab
586,2012-08-08,Fall,2012,Aug,0,Wed,1,Misty,0.75,0.707717,6729.169999999999,1263,6271,7534,Terlalu Lembab
587,2012-08-09,Fall,2012,Aug,0,Thu,1,Clear,0.755833,0.699508,6204.17,1196,6090,7286,Terlalu Lembab
588,2012-08-10,Fall,2012,Aug,0,Fri,1,Misty,0.715833,0.667942,7158.330000000001,1065,4721,5786,Terlalu Lembab
589,2012-08-11,Fall,2012,Aug,0,Sat,0,Misty,0.6925,0.638267,7329.170000000001,2247,4052,6299,Terlalu Lembab
590,2012-08-12,Fall,2012,Aug,0,Sun,0,Clear,0.700833,0.644579,5304.170000000001,2182,4362,6544,Terlalu Lembab
591,2012-08-13,Fall,2012,Aug,0,Mon,1,Clear,0.720833,0.662254,5454.170000000001,1207,5676,6883,Terlalu Lembab
592,2012-08-14,Fall,2012,Aug,0,Tue,1,Clear,0.726667,0.676779,6866.670000000001,1128,5656,6784,Terlalu Lembab
593,2012-08-15,Fall,2012,Aug,0,Wed,1,Clear,0.706667,0.654037,6195.83,1198,6149,7347,Terlalu Lembab
594,2012-08-16,Fall,2012,Aug,0,Thu,1,Clear,0.719167,0.654688,5191.670000000001,1338,6267,7605,Terlalu Lembab
595,2012-08-17,Fall,2012,Aug,0,Fri,1,Clear,0.723333,0.2424,5708.33,1483,5665,7148,Terlalu Lembab
596,2012-08-18,Fall,2012,Aug,0,Sat,0,Clear,0.678333,0.618071,6033.33,2827,5038,7865,Terlalu Lembab
597,2012-08-19,Fall,2012,Aug,0,Sun,0,Misty,0.635833,0.603554,7116.670000000001,1208,3341,4549,Terlalu Lembab
598,2012-08-20,Fall,2012,Aug,0,Mon,1,Misty,0.635833,0.595967,7341.670000000001,1026,5504,6530,Terlalu Lembab
599,2012-08-21,Fall,2012,Aug,0,Tue,1,Clear,0.649167,0.601025,6737.5,1081,5925,7006,Terlalu Lembab
600,2012-08-22,Fall,2012,Aug,0,Wed,1,Clear,0.6675,0.621854,6770.829999999999,1094,6281,7375,Terlalu Lembab
601,2012-08-23,Fall,2012,Aug,0,Thu,1,Clear,0.695833,0.637008,6358.33,1363,6402,7765,Terlalu Lembab
602,2012-08-24,Fall,2012,Aug,0,Fri,1,Misty,0.7025,0.6471,6150.0,1325,6257,7582,Terlalu Lembab
603,2012-08-25,Fall,2012,Aug,0,Sat,0,Misty,0.661667,0.618696,7129.170000000001,1829,4224,6053,Terlalu Lembab
604,2012-08-26,Fall,2012,Aug,0,Sun,0,Misty,0.653333,0.595996,8458.33,1483,3772,5255,Terlalu Lembab
605,2012-08-27,Fall,2012,Aug,0,Mon,1,Clear,0.703333,0.654688,7304.169999999999,989,5928,6917,Terlalu Lembab
606,2012-08-28,Fall,2012,Aug,0,Tue,1,Clear,0.728333,0.66605,6200.0,935,6105,7040,Terlalu Lembab
607,2012-08-29,Fall,2012,Aug,0,Wed,1,Clear,0.685,0.635733,5520.83,1177,6520,7697,Terlalu Lembab
608,2012-08-30,Fall,2012,Aug,0,Thu,1,Clear,0.706667,0.652779,5904.17,1172,6541,7713,Terlalu Lembab
609,2012-08-31,Fall,2012,Aug,0,Fri,1,Clear,0.764167,0.6894,5875.0,1433,5917,7350,Terlalu Lembab
610,2012-09-01,Fall,2012,Sep,0,Sat,0,Misty,0.753333,0.702654,6383.33,2352,3788,6140,Terlalu Lembab
611,2012-09-02,Fall,2012,Sep,0,Sun,0,Misty,0.696667,0.649,8150.0,2613,3197,5810,Terlalu Lembab
612,2012-09-03,Fall,2012,Sep,1,Mon,0,Clear,0.7075,0.661629,7908.329999999999,1965,4069,6034,Terlalu Lembab
613,2012-09-04,Fall,2012,Sep,0,Tue,1,Clear,0.725833,0.686888,7550.0,867,5997,6864,Terlalu Lembab
614,2012-09-05,Fall,2012,Sep,0,Wed,1,Clear,0.736667,0.708983,7412.5,832,6280,7112,Terlalu Lembab
615,2012-09-06,Fall,2012,Sep,0,Thu,1,Misty,0.696667,0.655329,8104.170000000001,611,5592,6203,Terlalu Lembab
616,2012-09-07,Fall,2012,Sep,0,Fri,1,Clear,0.703333,0.657204,7362.5,1045,6459,7504,Terlalu Lembab
617,2012-09-08,Fall,2012,Sep,0,Sat,0,Misty,0.659167,0.611121,7991.669999999999,1557,4419,5976,Terlalu Lembab
618,2012-09-09,Fall,2012,Sep,0,Sun,0,Clear,0.61,0.578925,5475.0,2570,5657,8227,Terlalu Lembab
619,2012-09-10,Fall,2012,Sep,0,Mon,1,Clear,0.583333,0.565654,5037.5,1118,6407,7525,Terlalu Lembab
620,2012-09-11,Fall,2012,Sep,0,Tue,1,Clear,0.5775,0.554292,5200.0,1070,6697,7767,Terlalu Lembab
621,2012-09-12,Fall,2012,Sep,0,Wed,1,Clear,0.599167,0.570075,5770.83,1050,6820,7870,Terlalu Lembab
622,2012-09-13,Fall,2012,Sep,0,Thu,1,Clear,0.6125,0.579558,6370.829999999999,1054,6750,7804,Terlalu Lembab
623,2012-09-14,Fall,2012,Sep,0,Fri,1,Clear,0.633333,0.594083,6725.0,1379,6630,8009,Terlalu Lembab
624,2012-09-15,Fall,2012,Sep,0,Sat,0,Clear,0.608333,0.585867,5016.67,3160,5554,8714,Terlalu Lembab
625,2012-09-16,Fall,2012,Sep,0,Sun,0,Clear,0.58,0.563125,5699.999999999999,2166,5167,7333,Terlalu Lembab
626,2012-09-17,Fall,2012,Sep,0,Mon,1,Misty,0.580833,0.55305,7345.829999999999,1022,5847,6869,Terlalu Lembab
627,2012-09-18,Fall,2012,Sep,0,Tue,1,Misty,0.623333,0.565067,8725.0,371,3702,4073,Terlalu Lembab
628,2012-09-19,Fall,2012,Sep,0,Wed,1,Clear,0.5525,0.540404,5366.67,788,6803,7591,Terlalu Lembab
629,2012-09-20,Fall,2012,Sep,0,Thu,1,Clear,0.546667,0.532192,6183.33,939,6781,7720,Terlalu Lembab
630,2012-09-21,Fall,2012,Sep,0,Fri,1,Clear,0.599167,0.571971,6687.5,1250,6917,8167,Terlalu Lembab
631,2012-09-22,Fall,2012,Sep,0,Sat,0,Clear,0.65,0.610488,6466.670000000001,2512,5883,8395,Terlalu Lembab
632,2012-09-23,Winter,2012,Sep,0,Sun,0,Clear,0.529167,0.518933,4670.83,2454,5453,7907,Terlalu Lembab
633,2012-09-24,Winter,2012,Sep,0,Mon,1,Clear,0.514167,0.502513,4929.17,1001,6435,7436,Terlalu Lembab
634,2012-09-25,Winter,2012,Sep,0,Tue,1,Clear,0.55,0.544179,5699.999999999999,845,6693,7538,Terlalu Lembab
635,2012-09-26,Winter,2012,Sep,0,Wed,1,Clear,0.635,0.596613,6308.329999999999,787,6946,7733,Terlalu Lembab
636,2012-09-27,Winter,2012,Sep,0,Thu,1,Misty,0.65,0.607975,6908.330000000001,751,6642,7393,Terlalu Lembab
637,2012-09-28,Winter,2012,Sep,0,Fri,1,Misty,0.619167,0.585863,6900.0,1045,6370,7415,Terlalu Lembab
638,2012-09-29,Winter,2012,Sep,0,Sat,0,Clear,0.5425,0.530296,5429.17,2589,5966,8555,Terlalu Lembab
639,2012-09-30,Winter,2012,Sep,0,Sun,0,Clear,0.526667,0.517663,5833.33,2015,4874,6889,Terlalu Lembab
640,2012-10-01,Winter,2012,Oct,0,Mon,1,Misty,0.520833,0.512,6491.670000000001,763,6015,6778,Terlalu Lembab
641,2012-10-02,Winter,2012,Oct,0,Tue,1,Light_rainsnow,0.590833,0.542333,8716.669999999998,315,4324,4639,Terlalu Lembab
642,2012-10-03,Winter,2012,Oct,0,Wed,1,Misty,0.6575,0.599133,7937.5,728,6844,7572,Terlalu Lembab
643,2012-10-04,Winter,2012,Oct,0,Thu,1,Misty,0.6575,0.607975,7229.170000000001,891,6437,7328,Terlalu Lembab
644,2012-10-05,Winter,2012,Oct,0,Fri,1,Clear,0.615,0.580187,6274.999999999999,1516,6640,8156,Terlalu Lembab
645,2012-10-06,Winter,2012,Oct,0,Sat,0,Clear,0.554167,0.538521,6641.669999999999,3031,4934,7965,Terlalu Lembab
646,2012-10-07,Winter,2012,Oct,0,Sun,0,Misty,0.415833,0.419813,7083.329999999999,781,2729,3510,Terlalu Lembab
647,2012-10-08,Winter,2012,Oct,1,Mon,0,Misty,0.383333,0.387608,7095.829999999999,874,4604,5478,Terlalu Lembab
648,2012-10-09,Winter,2012,Oct,0,Tue,1,Misty,0.446667,0.438112,7616.669999999999,601,5791,6392,Terlalu Lembab
649,2012-10-10,Winter,2012,Oct,0,Wed,1,Clear,0.514167,0.503142,6308.329999999999,780,6911,7691,Terlalu Lembab
650,2012-10-11,Winter,2012,Oct,0,Thu,1,Clear,0.435,0.431167,4633.33,834,6736,7570,Terlalu Lembab
651,2012-10-12,Winter,2012,Oct,0,Fri,1,Clear,0.4375,0.433071,5391.669999999999,1060,6222,7282,Terlalu Lembab
652,2012-10-13,Winter,2012,Oct,0,Sat,0,Clear,0.393333,0.391396,4945.83,2252,4857,7109,Terlalu Lembab
653,2012-10-14,Winter,2012,Oct,0,Sun,0,Clear,0.521667,0.508204,6404.170000000001,2080,4559,6639,Terlalu Lembab
654,2012-10-15,Winter,2012,Oct,0,Mon,1,Misty,0.561667,0.53915,7075.0,760,5115,5875,Terlalu Lembab
655,2012-10-16,Winter,2012,Oct,0,Tue,1,Clear,0.468333,0.460846,5583.329999999999,922,6612,7534,Terlalu Lembab
656,2012-10-17,Winter,2012,Oct,0,Wed,1,Clear,0.455833,0.450108,6929.170000000001,979,6482,7461,Terlalu Lembab
657,2012-10-18,Winter,2012,Oct,0,Thu,1,Misty,0.5225,0.512625,7283.329999999999,1008,6501,7509,Terlalu Lembab
658,2012-10-19,Winter,2012,Oct,0,Fri,1,Misty,0.563333,0.537896,8150.0,753,4671,5424,Terlalu Lembab
659,2012-10-20,Winter,2012,Oct,0,Sat,0,Clear,0.484167,0.472842,5729.17,2806,5284,8090,Terlalu Lembab
660,2012-10-21,Winter,2012,Oct,0,Sun,0,Clear,0.464167,0.456429,5100.0,2132,4692,6824,Terlalu Lembab
661,2012-10-22,Winter,2012,Oct,0,Mon,1,Clear,0.4875,0.482942,5683.329999999999,830,6228,7058,Terlalu Lembab
662,2012-10-23,Winter,2012,Oct,0,Tue,1,Clear,0.544167,0.530304,6416.669999999999,841,6625,7466,Terlalu Lembab
663,2012-10-24,Winter,2012,Oct,0,Wed,1,Clear,0.5875,0.558721,6362.5,795,6898,7693,Terlalu Lembab
664,2012-10-25,Winter,2012,Oct,0,Thu,1,Misty,0.55,0.529688,8004.170000000001,875,6484,7359,Terlalu Lembab
665,2012-10-26,Winter,2012,Oct,0,Fri,1,Misty,0.545833,0.52275,8070.829999999999,1182,6262,7444,Terlalu Lembab
666,2012-10-27,Winter,2012,Oct,0,Sat,0,Misty,0.53,0.515133,7200.0,2643,5209,7852,Terlalu Lembab
667,2012-10-28,Winter,2012,Oct,0,Sun,0,Misty,0.4775,0.467771,6945.829999999999,998,3461,4459,Terlalu Lembab
668,2012-10-29,Winter,2012,Oct,0,Mon,1,Light_rainsnow,0.44,0.4394,8800.0,2,20,22,Terlalu Lembab
669,2012-10-30,Winter,2012,Oct,0,Tue,1,Misty,0.318182,0.309909,8254.550000000001,87,1009,1096,Terlalu Lembab
670,2012-10-31,Winter,2012,Oct,0,Wed,1,Misty,0.3575,0.3611,6666.670000000001,419,5147,5566,Terlalu Lembab
671,2012-11-01,Winter,2012,Nov,0,Thu,1,Misty,0.365833,0.369942,5816.670000000001,466,5520,5986,Terlalu Lembab
672,2012-11-02,Winter,2012,Nov,0,Fri,1,Clear,0.355,0.356042,5220.829999999999,618,5229,5847,Terlalu Lembab
673,2012-11-03,Winter,2012,Nov,0,Sat,0,Misty,0.343333,0.323846,4912.5,1029,4109,5138,Terlalu Lembab
674,2012-11-04,Winter,2012,Nov,0,Sun,0,Clear,0.325833,0.329538,5329.17,1201,3906,5107,Terlalu Lembab
675,2012-11-05,Winter,2012,Nov,0,Mon,1,Clear,0.319167,0.308075,4941.670000000001,378,4881,5259,Terlalu Lembab
676,2012-11-06,Winter,2012,Nov,0,Tue,1,Clear,0.280833,0.281567,5670.83,466,5220,5686,Terlalu Lembab
677,2012-11-07,Winter,2012,Nov,0,Wed,1,Misty,0.295833,0.274621,5475.0,326,4709,5035,Terlalu Lembab
678,2012-11-08,Winter,2012,Nov,0,Thu,1,Clear,0.352174,0.341891,3334.7799999999997,340,4975,5315,Terlalu Lembab
679,2012-11-09,Winter,2012,Nov,0,Fri,1,Clear,0.361667,0.355413,5408.33,709,5283,5992,Terlalu Lembab
680,2012-11-10,Winter,2012,Nov,0,Sat,0,Clear,0.389167,0.393937,6454.170000000001,2090,4446,6536,Terlalu Lembab
681,2012-11-11,Winter,2012,Nov,0,Sun,0,Clear,0.420833,0.421713,6591.669999999999,2290,4562,6852,Terlalu Lembab
682,2012-11-12,Winter,2012,Nov,1,Mon,0,Clear,0.485,0.475383,7416.669999999999,1097,5172,6269,Terlalu Lembab
683,2012-11-13,Winter,2012,Nov,0,Tue,1,Misty,0.343333,0.323225,6629.169999999999,327,3767,4094,Terlalu Lembab
684,2012-11-14,Winter,2012,Nov,0,Wed,1,Clear,0.289167,0.281563,5520.83,373,5122,5495,Terlalu Lembab
685,2012-11-15,Winter,2012,Nov,0,Thu,1,Misty,0.321667,0.324492,6204.17,320,5125,5445,Terlalu Lembab
686,2012-11-16,Winter,2012,Nov,0,Fri,1,Clear,0.345,0.347204,5245.83,484,5214,5698,Terlalu Lembab
687,2012-11-17,Winter,2012,Nov,0,Sat,0,Clear,0.325,0.326383,5454.170000000001,1313,4316,5629,Terlalu Lembab
688,2012-11-18,Winter,2012,Nov,0,Sun,0,Clear,0.3425,0.337746,6929.170000000001,922,3747,4669,Terlalu Lembab
689,2012-11-19,Winter,2012,Nov,0,Mon,1,Misty,0.380833,0.375621,6233.33,449,5050,5499,Terlalu Lembab
690,2012-11-20,Winter,2012,Nov,0,Tue,1,Misty,0.374167,0.380667,6850.0,534,5100,5634,Terlalu Lembab
691,2012-11-21,Winter,2012,Nov,0,Wed,1,Clear,0.353333,0.364892,6137.5,615,4531,5146,Terlalu Lembab
692,2012-11-22,Winter,2012,Nov,1,Thu,0,Clear,0.34,0.350371,5804.17,955,1470,2425,Terlalu Lembab
693,2012-11-23,Winter,2012,Nov,0,Fri,1,Clear,0.368333,0.378779,5687.5,1603,2307,3910,Terlalu Lembab
694,2012-11-24,Winter,2012,Nov,0,Sat,0,Clear,0.278333,0.248742,4045.83,532,1745,2277,Terlalu Lembab
695,2012-11-25,Winter,2012,Nov,0,Sun,0,Clear,0.245833,0.257583,4683.33,309,2115,2424,Terlalu Lembab
696,2012-11-26,Winter,2012,Nov,0,Mon,1,Clear,0.313333,0.339004,5354.170000000001,337,4750,5087,Terlalu Lembab
697,2012-11-27,Winter,2012,Nov,0,Tue,1,Misty,0.291667,0.281558,7866.670000000001,123,3836,3959,Terlalu Lembab
698,2012-11-28,Winter,2012,Nov,0,Wed,1,Clear,0.296667,0.289762,5062.5,198,5062,5260,Terlalu Lembab
699,2012-11-29,Winter,2012,Nov,0,Thu,1,Clear,0.28087,0.298422,5556.52,243,5080,5323,Terlalu Lembab
700,2012-11-30,Winter,2012,Nov,0,Fri,1,Clear,0.298333,0.323867,6495.830000000001,362,5306,5668,Terlalu Lembab
701,2012-12-01,Winter,2012,Dec,0,Sat,0,Misty,0.298333,0.316904,8066.670000000001,951,4240,5191,Terlalu Lembab
702,2012-12-02,Winter,2012,Dec,0,Sun,0,Misty,0.3475,0.359208,8233.33,892,3757,4649,Terlalu Lembab
703,2012-12-03,Winter,2012,Dec,0,Mon,1,Clear,0.4525,0.455796,7675.0,555,5679,6234,Terlalu Lembab
704,2012-12-04,Winter,2012,Dec,0,Tue,1,Clear,0.475833,0.469054,7337.5,551,6055,6606,Terlalu Lembab
705,2012-12-05,Winter,2012,Dec,0,Wed,1,Clear,0.438333,0.428012,4850.0,331,5398,5729,Terlalu Lembab
706,2012-12-06,Winter,2012,Dec,0,Thu,1,Clear,0.255833,0.258204,5087.5,340,5035,5375,Terlalu Lembab
707,2012-12-07,Winter,2012,Dec,0,Fri,1,Misty,0.320833,0.321958,7641.670000000001,349,4659,5008,Terlalu Lembab
708,2012-12-08,Winter,2012,Dec,0,Sat,0,Misty,0.381667,0.389508,9112.5,1153,4429,5582,Terlalu Lembab
709,2012-12-09,Winter,2012,Dec,0,Sun,0,Misty,0.384167,0.390146,9054.17,441,2787,3228,Terlalu Lembab
710,2012-12-10,Winter,2012,Dec,0,Mon,1,Misty,0.435833,0.435575,9250.0,329,4841,5170,Terlalu Lembab
711,2012-12-11,Winter,2012,Dec,0,Tue,1,Misty,0.353333,0.338363,5966.669999999999,282,5219,5501,Terlalu Lembab
712,2012-12-12,Winter,2012,Dec,0,Wed,1,Misty,0.2975,0.297338,5383.329999999999,310,5009,5319,Terlalu Lembab
713,2012-12-13,Winter,2012,Dec,0,Thu,1,Clear,0.295833,0.294188,4858.33,425,5107,5532,Terlalu Lembab
714,2012-12-14,Winter,2012,Dec,0,Fri,1,Clear,0.281667,0.294192,6429.169999999999,429,5182,5611,Terlalu Lembab
715,2012-12-15,Winter,2012,Dec,0,Sat,0,Clear,0.324167,0.338383,6504.170000000001,767,4280,5047,Terlalu Lembab
716,2012-12-16,Winter,2012,Dec,0,Sun,0,Misty,0.3625,0.369938,8387.5,538,3248,3786,Terlalu Lembab
717,2012-12-17,Winter,2012,Dec,0,Mon,1,Misty,0.393333,0.4015,9070.83,212,4373,4585,Terlalu Lembab
718,2012-12-18,Winter,2012,Dec,0,Tue,1,Clear,0.410833,0.409708,6662.5,433,5124,5557,Terlalu Lembab
719,2012-12-19,Winter,2012,Dec,0,Wed,1,Clear,0.3325,0.342162,6254.17,333,4934,5267,Terlalu Lembab
720,2012-12-20,Winter,2012,Dec,0,Thu,1,Misty,0.33,0.335217,6679.169999999999,314,3814,4128,Terlalu Lembab
721,2012-12-21,Spring,2012,Dec,0,Fri,1,Misty,0.326667,0.301767,5566.670000000001,221,3402,3623,Terlalu Lembab
722,2012-12-22,Spring,2012,Dec,0,Sat,0,Clear,0.265833,0.236113,4412.5,205,1544,1749,Terlalu Lembab
723,2012-12-23,Spring,2012,Dec,0,Sun,0,Clear,0.245833,0.259471,5154.17,408,1379,1787,Terlalu Lembab
724,2012-12-24,Spring,2012,Dec,0,Mon,1,Misty,0.231304,0.2589,7913.039999999999,174,746,920,Terlalu Lembab
725,2012-12-25,Spring,2012,Dec,1,Tue,0,Misty,0.291304,0.294465,7347.829999999999,440,573,1013,Terlalu Lembab
726,2012-12-26,Spring,2012,Dec,0,Wed,1,Light_rainsnow,0.243333,0.220333,8233.33,9,432,441,Terlalu Lembab
727,2012-12-27,Spring,2012,Dec,0,Thu,1,Misty,0.254167,0.226642,6529.169999999999,247,1867,2114,Terlalu Lembab
728,2012-12-28,Spring,2012,Dec,0,Fri,1,Misty,0.253333,0.255046,5900.0,644,2451,3095,Terlalu Lembab
729,2012-12-29,Spring,2012,Dec,0,Sat,0,Misty,0.253333,0.2424,7529.169999999999,159,1182,1341,Terlalu Lembab
730,2012-12-30,Spring,2012,Dec,0,Sun,0,Clear,0.255833,0.2317,4833.33,364,1432,1796,Terlalu Lembab
731,2012-12-31,Spring,2012,Dec,0,Mon,1,Misty,0.215833,0.223487,5775.0,439,2290,2729,Terlalu Lembab
